id,title,date,url,summary,section,source_url,first_seen_at,last_seen_at
e722a13a6cdc72ef,关于本科生、第二学士学位学生2026年秋季学期报到、注册的通知,2026-07-28,https://jwc.cupl.edu.cn/info/1042/18288.htm,根据校历安排，2026年秋季学期定于2026年8月31日正式上课。现将有关统一报到、注册事宜通知如下：一、报到、注册时间时间：2026年8月29日至8月30日9:00－16:00。二、报到、注册程序学生到校后登录微信企业号按照流程进行报到注册，具体操作手册详见附件，操作过程中如有系统问题请咨询网络安全和信息化办公室（数智化工程中心），昌平校区58909617。三、注意事项1.各学院应向学生准确传达放假时间，并进行安全教育，提高学生的安全意识，...,学籍管理,https://jwc.cupl.edu.cn/xjgl1/tzgg.htm,2026-07-29T00:11:15+00:00,2026-07-29T00:12:01+00:00
27bc074c79d83325,关于2026—2027学年秋季学期部分课程第4周起开课的提醒通知,2026-07-15,https://jwc.cupl.edu.cn/info/1061/18198.htm,各位同学：因2026级新生入学安排，2026—2027学年秋季学期部分课程及所有体育课组（一）的课程实际上课时间从教学周第4周开始，各课程任课教师将根据教学周数合理安排教学进度。部分课程详见下表（按课程序号升序排序）。课程序号课程名称开课院系109030092.05 人工智能导论科学技术教学部/法治信息管理学院109030092.06 人工智能导论科学技术教学部/法治信息管理学院109030092.26 人工智能导论科学技术教学部/法治信息管理学院110000012....,教务管理,https://jwc.cupl.edu.cn/jwgl1/tzgg.htm,2026-07-29T00:11:09+00:00,2026-07-29T00:12:01+00:00
9d8b7b318fe79541,关于申请2026年中国政法大学与东盟国家法学教育创新型人才国际合作培养项目硕士研究生通知,2026-07-13,https://jwc.cupl.edu.cn/info/1122/18168.htm,各位同学：我校“与东盟国家法学教育创新型人才国际合作培养项目”获国家留学基金管理委员会（以下简称国家留学基金委）2026年创新型人才国际合作培养项目立项资助。该项目校内申请现已启动，申请攻读硕士研究生的具体通知如下：一、项目简介（一）合作高校国家院校学校官网新加坡新加坡管理大学https://www.smu.edu.sg/ 马来西亚马来亚大学https://www.um.edu.my/ 马来西亚马来西亚国立大学https://www.ukm.my/泰国法政大学https:/...,交流培养,https://jwc.cupl.edu.cn/jlpy1/tzgg.htm,2026-07-29T00:11:57+00:00,2026-07-29T00:12:01+00:00
4b0c7be2ccfc3c10,关于组织线上“人工智能+教育教学改革与智慧课程建设应用专题工作坊”的通知,2026-07-09,https://jwc.cupl.edu.cn/info/1061/18118.htm,为深入贯彻落实国家关于推进教育现代化的战略部署加快人工智能在高等教育领域的创新应用，利用人工智能技术支撑人才培养模式的创新、教学方法的改革、教育治理能力的提升，探索未来教学工作方法新路径，教务处将组织我校专任教师参加线上“人工智能+教育教学改革与智慧课程建设应用专题工作坊”，现将相关事宜通知如下：一、报名时间及方式即日起至2026年7月14日10:00，请报名教师将附件中的报名表格电子版交至所在学院教科办处。各学院汇总后，...,教务管理,https://jwc.cupl.edu.cn/jwgl1/tzgg.htm,2026-07-29T00:11:09+00:00,2026-07-29T00:12:01+00:00
0358a10ceecb565d,关于2026年9月赴世界银行实习项目拟选派名单的公示,2026-07-09,https://jwc.cupl.edu.cn/info/1122/18148.htm,各位同学：经公开报名、学院初审、校内外专家组遴选面试及笔试考核等环节，现对2026年9月赴世界银行实习项目拟选派名单予以公示（具体名单见附件），现将有关事项公示如下：1.公示期限：2026年7月9日— 7月15日。2.异议反馈：公示期间，如对遴选结果有异议，请向教务处反馈。联系地址：主楼A406联系电话：010-58909686联系邮箱：jlpyk@cupl.edu.cn3.资格确认：本次拟选派结果一经确定，入选学生不得随意更改或放弃实习资格。若确因特殊原因需放弃派出资格，...,交流培养,https://jwc.cupl.edu.cn/jlpy1/tzgg.htm,2026-07-29T00:11:57+00:00,2026-07-29T00:12:01+00:00
e72a9538b5c03c85,关于开展2026年教育部新时代高校哲学社会科学原创性教材建设培育有关工作的通知,2026-07-08,https://jwc.cupl.edu.cn/info/1094/18078.htm,各教学科研单位：为深入推进习近平新时代中国特色社会主义思想进教材进课堂进头脑， 落实《教育强国建设规划纲要（2024—2035 年）》《教育部办公厅关于开展 2026 年新时代高校哲学社会科学原创性教材建设培育有关工作的通知》（教材厅函〔2026〕7号）有关重点任务，加快实施中国原创性哲学社会科学重点教材建设工程，按照国家教材委员会有关工作部署，现就实施新时代高校哲学社会科学原创性教材建设培育项目（以下简称培育项目），...,教材建设,https://jwc.cupl.edu.cn/jcjs1/tzgg.htm,2026-07-29T00:11:41+00:00,2026-07-29T00:12:01+00:00
41e937decd390ffc,【转发】关于第二十四届“理律杯”全国高校模拟法庭竞赛代表队选拔的通知,2026-07-07,https://jwc.cupl.edu.cn/info/1084/18048.htm,由清华大学法学院主办、台湾理律文教基金会和台湾理律法律事务所协办的“理律杯”是目前国内规模最大、参赛学校最多、影响力最广的中文模拟法庭竞赛。“理律杯”起源于中国台湾地区，早在2001年，该项赛事即由台湾理律文教基金会和台湾国际法学会共同在台湾地区举办。2003年，清华大学将比赛引入大陆地区。目前为止，大陆地区已经成功举办了23届“理律杯”比赛，参赛高校逾40所。我校自参加“理律杯全国高校模拟法庭竞赛”以来多次获得优异成绩，...,实践教学,https://jwc.cupl.edu.cn/sjjx1/tzgg.htm,2026-07-29T00:11:35+00:00,2026-07-29T00:12:01+00:00
0409b363b7198715,关于开展2025-2026学年夏季学期本科课堂教学质量评价工作的通知,2026-07-06,https://jwc.cupl.edu.cn/info/1104/18008.htm,为深入贯彻“立德树人、德法兼修”的育人理念，全面落实学校本科教育教学高质量发展要求，不断强化质量意识，充分发挥同行专家、教学管理人员和教学督导在教学评价、教学改进和质量提升中的积极作用，推动教师持续优化教学方法、提升教学水平，更好地实现人才培养目标，现依据《中国政法大学本科课堂教学质量评价实施办法》（法大发〔2017〕141号），组织开展夏季学期课堂教学质量评价工作。一、学生评价自即日起至7月31日结束，评价方式详见《...,质量监控,https://jwc.cupl.edu.cn/zljk1/tzgg.htm,2026-07-29T00:11:48+00:00,2026-07-29T00:12:01+00:00
40d167774039b3fa,期末考试期间昌平校区计算机机房开放通知,2026-06-29,https://jwc.cupl.edu.cn/info/1113/17818.htm,各位同学：为保障期末各项考试平稳有序开展，充分利用现有教学场地资源，同步满足同学们非考试时段自主学习、线上作业、文献查阅、专业实操练习等学业需求，学校决定期末考试期间开放昌平校区计算机机房。为规范机房使用管理，保障设备完好运行、营造安静有序的自习环境，现将有关事项通知如下：一、开放对象本校全体在校学生。机房仅限自习、课程练习、学业资料查询等正当学习用途，禁止一切娱乐、游戏、追剧、网络闲聊等与学习无关行为。...,教学服务,https://jwc.cupl.edu.cn/jxfw1/tzgg.htm,2026-07-29T00:11:51+00:00,2026-07-29T00:12:01+00:00
1fb962333c5ee5cf,【转发】关于报名参加第二届世界人形机器人运动会的通知,2026-06-29,https://jwc.cupl.edu.cn/info/1084/17838.htm,各位同学：近日，北京市教育委员会发布《关于报名参加第二届世界人形机器人运动会的通知》，第二届世界人形机器人运动会将于2026年8月22日至26日在北京国家速滑馆举行，本届赛事共设置50个赛项，实现竞技比拼与场景应用的全方位覆盖。如有报名意愿的同学，请关注通知、网站及相关附件了解赛事详情进行报名。赛事官网：https://www.whrgoc.com/赛事介绍：https://www.whrgoc.com/about报名流程指导：https://public.whrgoc.com/guide/...,实践教学,https://jwc.cupl.edu.cn/sjjx1/tzgg.htm,2026-07-29T00:11:35+00:00,2026-07-29T00:12:01+00:00
2095ec2e991b7a99,关于开展2025年本科涉外法治精品课程建设项目结题验收工作的通知,2026-06-23,https://jwc.cupl.edu.cn/info/1305/17668.htm,各教学院部、各项目负责人：为检验2025年本科涉外法治精品课程建设成效，规范管理，推动建设成果总结与推广，现组织开展2025年本科涉外法治精品课程建设项目结题验收工作。将 有关事宜通知如下：一、结题验收范围2025年学校正式立项的所有本科涉外法治精品课程。二、结题验收方式本次结题验收由学校统一组织专家评审。各项目组对照立项申报书、建设目标及任务要求，全面梳理建设进展与成果，按要求整理验收材料。三、结题评审材料提交要求所有项目请提交：...,教学研究,https://jwc.cupl.edu.cn/jxyj1/tzgg.htm,2026-07-29T00:11:22+00:00,2026-07-29T00:12:01+00:00
348ef259e0ede0a3,关于对2025年立项的涉外法治相关领域虚拟教研室项目进行中期检查的通知,2026-06-23,https://jwc.cupl.edu.cn/info/1305/17688.htm,各教学院部、各项目负责人：按照我校涉外法治相关领域虚拟教研室项目建设工作的总体安排，将对2025年立项的涉外法治虚拟教研室项目进行中期检查，具体工作安排如下：一、提交材料1.《中国政法大学涉外虚拟教研室项目中期检查报告》（附件1）；2.《中国政法大学涉外虚拟教研室项目建设申报书》；3.已有成果支撑材料（没有则不提交）；二、提交方式请将上述材料的电子版材料， 以“2025年涉外法治相关领域虚拟教研室-学院-负责人”命名，...,教学研究,https://jwc.cupl.edu.cn/jxyj1/tzgg.htm,2026-07-29T00:11:22+00:00,2026-07-29T00:12:01+00:00
b5deb4c588e8bc1c,关于2026—2027学年秋季学期部分课程停开的通知,2026-06-17,https://jwc.cupl.edu.cn/info/1061/17578.htm,各位同学:2026—2027学年秋季学期选课正选阶段已经结束，针对部分课程选课人数不足等情况，经与开课单位、任课教师协调沟通后，以下课程停开：序号课程序号课程名称开课单位1122010013.05马克思主义基本原理马克思主义学院2301040024.08行政法与行政诉讼法法学院3302090023.02经济法民商经济法学院4401020083.02法律经济学法学院5401040062.03行政法案例研习法学院6401040072.02行政法与行政诉讼法研讨课法学院7402010142.02民法学案例研习民商经济法学院8402020182....,教务管理,https://jwc.cupl.edu.cn/jwgl1/tzgg.htm,2026-07-29T00:11:09+00:00,2026-07-29T00:12:01+00:00
07233a84f8e52e59,【转】人文学院关于举办第八届中华经典诵写讲大赛系列活动校内选拔赛的通知,2026-06-16,https://jwc.cupl.edu.cn/info/1084/17448.htm,各位同学、老师：为深入贯彻党的二十大和二十届二中、三中全会精神，落实全国教育大会精神，实施《教育强国建设规划纲要（2024—2035年）》，服务教育强国、文化强国建设，加大国家通用语言文字推广力度，传承发展中华优秀语言文化，落实全国青少年读书行动，深化“典耀中华”主题读书，教育部、国家语委决定举办第八届中华经典诵写讲大赛（以下简称大赛）。本届大赛以“典耀中华，赓续文脉”为主题。大赛旨在体悟中华优秀文化内涵，...,实践教学,https://jwc.cupl.edu.cn/sjjx1/tzgg.htm,2026-07-29T00:11:35+00:00,2026-07-29T00:12:01+00:00
8df91b1e8312a106,关于组织开展中国政法大学原创性教材建设培育工作的通知,2026-06-15,https://jwc.cupl.edu.cn/info/1094/16358.htm,各教学科研单位：为深入推进习近平新时代中国特色社会主义思想进教材进课堂进头脑，落实《教育强国建设规划纲要（2024—2035 年）》重点任务，落实《教育部办公厅关于开展新时代高校哲学社会科学原创性教材建设培育有关工作的通知》（教材厅函〔2025〕1号）有关要求，加快构建具有中国政法大学特色、服务国家法治建设的自主教材体系，为国家级原创性教材建设储备优质成果，学校决定组织开展中国政法大学原创性教材建设培育工作。现将有关事项通知如下：...,教材建设,https://jwc.cupl.edu.cn/jcjs1/tzgg.htm,2026-07-29T00:11:41+00:00,2026-07-29T00:12:01+00:00
92998bb56cd987b9,关于对2026年立项的北京市级创新训练项目进行中期评审的通知（校教字[2026]第019号）,2026-06-15,https://jwc.cupl.edu.cn/info/1084/16838.htm,各学院及项目团队：按照我校大学生创新训练计划项目工作的总体安排，2026-2027学年秋季学期将对2026年立项的北京市级创新训练项目（名单见附件4）进行中期评审，请各项目团队提交《中国政法大学创新训练项目中期评审报告》等材料，学校将于9月中下旬组织专家对各项目实施进展情况进行评审，具体工作安排如下。一、提交材料1.《中国政法大学创新训练项目中期评审报告》（附件1）；2.《大学生创新训练计划项目实施过程记录簿》（附件2）...,实践教学,https://jwc.cupl.edu.cn/sjjx1/tzgg.htm,2026-07-29T00:11:35+00:00,2026-07-29T00:12:01+00:00
5672b26e03b4e07e,【转】2026年全国大学生数学建模竞赛、北京大学生数学建模与计算机应用竞赛报名通知,2026-06-15,https://jwc.cupl.edu.cn/info/1084/16868.htm,全国大学生数学建模竞赛创办于1992年，由全国教育部高教司和中国工业与应用数学学会共同主办，每年一届，是首批列入“大学学科竞赛排行榜”的19项竞赛之一。目前已成为全国高校规模最大的基础性学科竞赛，也是世界上规模最大的数学建模竞赛。全国大学生数学建模竞赛是面向全国大学生的群众性科技活动，目的在于提高学生应用数学知识、建立数学模型，以及结合计算机技术解决实际问题的综合能力。北京市大学生数学建模与计算机应用竞赛由北京市教育委员会主办、...,实践教学,https://jwc.cupl.edu.cn/sjjx1/tzgg.htm,2026-07-29T00:11:35+00:00,2026-07-29T00:12:01+00:00
0d9a034f50d129f6,关于2026—2027学年秋季学期部分课程扩容调整的补充通知,2026-06-12,https://jwc.cupl.edu.cn/info/1061/16768.htm,各位同学：经对2026—2027学年秋季学期选课情况、学生扩容需求进行综合分析，经与开课学院、任课老师协调后，现决定对以下课程再次作出扩容调整，望周知。序号课程序号课程名称开课单位扩容数备注1303010013.04国际法国际法学院/涉外法治学院502303032023.02国际经济法国际法学院/涉外法治学院803303032023.03国际经济法国际法学院/涉外法治学院204303032023.07国际经济法国际法学院/涉外法治学院10以上扩容课容量将在扩容阶段生效，...,教务管理,https://jwc.cupl.edu.cn/jwgl1/tzgg.htm,2026-06-13T01:35:03+00:00,2026-07-29T00:12:01+00:00
c89a573ac310d6f1,关于开展2026年新增本科专业申报及2027年拟新增本科专业预备案工作的通知,2026-06-11,https://jwc.cupl.edu.cn/info/1305/16718.htm,各教学院部：根据《普通高等学校本科专业设置管理规定》《普通高等教育学科专业设置调整优化改革方案》等文件精神，现将2026年新增本科专业申报及2027年拟新增本科专业预备案工作有关事项通知如下：一、2026年新增本科专业申报（一）申报范围2025年已通过教育部预备案的专业。未预申报但确有急需增设专业需求的，须同时提交说明材料（附件1）并按照已预备案专业工作要求准备申报材料。（二）申报原则1.主动服务国家战略、区域经济社会和产业发展需要，...,教学研究,https://jwc.cupl.edu.cn/jxyj1/tzgg.htm,2026-06-12T01:41:12+00:00,2026-07-29T00:12:01+00:00
a9b1eda1fb5763e1,关于2026—2027学年秋季学期部分课程扩容及课程调整的通知,2026-06-11,https://jwc.cupl.edu.cn/info/1061/16738.htm,各位同学：教务处对2026—2027学年秋季学期选课情况、学生扩容需求进行综合分析，经与开课学院、任课老师协调后，现决定对以下课程作出调整，望周知。一、扩容课程序号课程序号课程名称开课单位扩容数备注1122000023.01毛泽东思想和中国特色社会主义理论体系概论马克思主义学院102122000023.02毛泽东思想和中国特色社会主义理论体系概论马克思主义学院103122000023.05毛泽东思想和中国特色社会主义理论体系概论马克思主义学院204122000023....,教务管理,https://jwc.cupl.edu.cn/jwgl1/tzgg.htm,2026-06-12T01:40:59+00:00,2026-07-29T00:12:01+00:00
6c6097cf50581ff1,关于举办第二届京津冀蒙本科高校课程思政教学比赛校内初赛的通知,2026-06-10,https://jwc.cupl.edu.cn/info/1305/16668.htm,各教学院部：为深入贯彻党的二十大和二十届历次全会精神，全面落实全国教育大会精神，贯彻落实《教育强国建设规划纲要（2024-2035年）》，坚持铸牢中华民族共同体意识主线，推进我校课程思政建设高质量发展，提升教师课程思政教学能力，根据北京市教育委员会、天津市教育委员会、河北省教育厅、内蒙古自治区教育厅联合印发的《关于举办第二届京津冀蒙本科高校课程思政教学比赛暨2026年内蒙古自治区本科高校课程思政教学比赛的通知》...,教学研究,https://jwc.cupl.edu.cn/jxyj1/tzgg.htm,2026-06-12T01:41:12+00:00,2026-07-29T00:12:01+00:00
4022af6788c7305c,关于开展2026-2027学年秋季学期教学助理工作的通知,2026-06-10,https://jwc.cupl.edu.cn/info/1113/16608.htm,各教学单位：为保障2026—2027学年秋季学期学校教学助理工作的顺利开展，根据《中国政法大学教学助理制实施办法》（法大发〔2011〕104号），将相关工作通知如下：一、主要内容1.各学院组织任课老师根据2026—2027学年秋季学期课表设置教学助理岗位。2.在校全日制硕士、博士研究生依据教学助理聘任条件申请教学助理工作。3.任课教师及学院审核、复核教学助理申请。4.教学助理秋季学期上岗准备工作。5.教学助理在任课教师指导下开展工作、...,教学服务,https://jwc.cupl.edu.cn/jxfw1/tzgg.htm,2026-06-12T01:41:38+00:00,2026-07-29T00:12:01+00:00
567dcb88ba7262ca,关于启动2025-2026学年春季学期期末考试监考报名工作的通知,2026-06-08,https://jwc.cupl.edu.cn/info/1075/16578.htm,本学期期末考试定于6月22日-7月3日进行，欢迎全校教职员工积极参加期末考试监考工作。本科生课程开设院部、考生所在学院应做好动员工作，积极配合教务处完成监考员招募工作；任课教师须参加所授课程的监考工作，由教务处直接安排，无需另行报名。一、报名时间即日起-7月3日。二、报名条件监考人员原则上应为学校正式在编在职或聘用人员（签订劳动合同），须熟知中国政法大学监考守则，并以高度负责的精神做好考场的监督检查工作，严格维护考场纪律与秩序，...,考务管理,https://jwc.cupl.edu.cn/kwgl1/tzgg.htm,2026-06-09T00:16:52+00:00,2026-07-29T00:12:01+00:00
b361c8c13465ce9e,关于组织开展2025-2026学年本科生毕业论文总结存档阶段工作的通知（校教字〔2026〕第017号）,2026-06-08,https://jwc.cupl.edu.cn/info/1084/16538.htm,各学院：根据2022级本科生毕业论文工作安排，本学期第18周之前应完成毕业论文总结存档阶段的工作。各学院应按照学校有关规定要求，切实做好相应工作。具体工作任务部署如下，请各学院结合本院各专业特点安排落实。一、日程安排本学期6月8日开始毕业论文最终稿的下载、存档，提交各院工作总结，评选优秀毕业论文。春季学期结束之前完成本阶段工作。二、存档范围和要求本科生毕业论文档案以电子版方式存档，毕业设计（创业类）档案，扫描后以电子版方式存档。...,实践教学,https://jwc.cupl.edu.cn/sjjx1/tzgg.htm,2026-06-09T00:16:57+00:00,2026-07-29T00:12:01+00:00
ff93bd6f1cf846b3,关于2026年上半年全国大学英语四、六级考试工作的通知,2026-06-03,https://jwc.cupl.edu.cn/info/1075/16378.htm,各相关单位：根据北京教育考试院要求，2026年上半年全国大学英语四、六级考试（以下简称CET）定于6月13日（星期六）举行。四级考试时间：9:00-11:20英语四级，9:00-11:10日语四级/德语四级/俄语四级/法语四级；六级考试时间：15:00-17:25英语六级，15:00-17:10日语六级/德语六级/俄语六级。请各有关部门高度重视，周密安排，各工作人员认真履行职责，保证考试顺利进行。现将具体工作安排通知如下：一、考生须知（一）准考证打印准考证由考生自行上网打印，...,考务管理,https://jwc.cupl.edu.cn/kwgl1/tzgg.htm,2026-06-09T00:16:52+00:00,2026-07-29T00:12:01+00:00
171e46f4838c2bb0,关于开展2025-2026学年夏季学期及2026-2027学年秋季学期本科教材选用工作的通知,2026-06-03,https://jwc.cupl.edu.cn/info/1094/16338.htm,各教学科研单位：根据《普通高等学校教材管理办法》《中国政法大学本科教材选用管理办法》《中国政法大学境外教材选用管理办法》等文件规定，加强学校教材管理，严格规范教材选用，学校在教材工作委员会指导下组织开展2025-2026学年夏季学期及2026-2027学年秋季学期本科教材选用工作，现将有关事项通知如下：窗体底端一、工作原则（一）坚持凡选必审原则。选用教材必须经过审核。未经审查批准程序和未按规定审查批准的教材不得选用。...,教材建设,https://jwc.cupl.edu.cn/jcjs1/tzgg.htm,2026-06-09T00:17:01+00:00,2026-07-29T00:12:01+00:00
8b1d261401147685,关于2026—2027学年秋季学期选课预选抽签完毕及部分课程调整的通知,2026-06-03,https://jwc.cupl.edu.cn/info/1061/16478.htm,各位同学：2026—2027学年秋季学期预选抽签工作已经结束。依据《中国政法大学本科生选课管理办法》相关规定，教务处已根据预选数据分析学生选课需求，结合开课单位、教师意见以及教室资源等情况对部分课程进行扩容、调整或增开，具体信息如下：一、查看抽签结果及申请扩容1. 查看预选抽签结果的途径校园网环境：登录jwxt.cupl.edu.cn或登录中国政法大学教务处网站首页下方“常用平台”点击“教学管理系统”。校外环境：通过“智慧法大”...,教务管理,https://jwc.cupl.edu.cn/jwgl1/tzgg.htm,2026-06-09T00:16:39+00:00,2026-07-29T00:12:01+00:00
c4ed1cfa6f325768,【转发港澳台办】关于申报2026年“黄廷方·法学奖学金”的通知,2026-06-03,https://jwc.cupl.edu.cn/info/1122/16508.htm,各位同学：2026年“黄廷方•法学奖学金”报名工作现已启动，具体通知如下：一、项目介绍“黄廷方•法学奖学金”由黄廷方慈善基金于2016年出资设立，奖励优秀应届毕业生赴海外攻读LLM学位或赴香港攻读LLM学位/JD学位。黄廷方先生是新加坡远东机构和香港信和集团的创办人，新加坡远东机构是新加坡当地最具规模的私人发展商，信和集团是香港主要地产发展商之一。黄廷方先生一生俭朴勤奋，奉献社会。为纪念黄廷方先生，并继承先生乐善好施的传统，...,交流培养,https://jwc.cupl.edu.cn/jlpy1/tzgg.htm,2026-06-09T00:17:12+00:00,2026-07-29T00:12:01+00:00
51e1ca2af9bcff08,关于遴选推荐2026年度宝钢优秀教师奖候选人的通知,2026-05-28,https://jwc.cupl.edu.cn/info/1104/16288.htm,各院、部、所、室、中心：根据宝钢教育基金会《2026年度宝钢教育奖评审工作通知》，2026年宝钢教育奖评审工作已启动。为做好我校宝钢优秀教师奖候选人的遴选推荐工作，现将具体事项通知如下：一、推荐范围从事高等教育教学工作5年及以上的我校在编教师(曾获宝钢优秀教师奖者除外)。二、推荐条件（一）忠诚党的教育事业，积极弘扬教育家精神，有强烈的事业心和团结协作精神，爱岗敬业，师德高尚，治学严谨，教书育人。（二）坚持工作在教学第一线，...,质量监控,https://jwc.cupl.edu.cn/zljk1/tzgg.htm,2026-06-09T00:17:05+00:00,2026-07-29T00:12:01+00:00
ec780afc6a8f97a6,关于选派优秀本科生2026年9月赴世界银行实习的通知,2026-05-27,https://jwc.cupl.edu.cn/info/1122/16208.htm,各位同学：根据我校与世界银行/国际金融公司签订的《中国政法大学与国际金融公司理解备忘录》，我校将继续遴选一定数量的优秀本科生，前往位于美国华盛顿特区国际金融公司总部的副总裁办公室（CEDVP)进行为期4个月的实习。国际金融公司作为世界银行集团（以下简称“世行”）的下属机构之一，是以促进发展中国家私营企业部门的可持续投资、帮助减少贫困和改善人民生活水平为己任的国际组织。国际金融公司副总裁办公室（CEDVP）致力于帮助私营企业部门应对世界经济发展挑战，...,交流培养,https://jwc.cupl.edu.cn/jlpy1/tzgg.htm,2026-05-27T09:23:34+00:00,2026-07-29T00:12:01+00:00
28197ae3a9e5b491,关于2026-2027学年秋季学期本科生选课的通知,2026-05-26,https://jwc.cupl.edu.cn/info/1061/16168.htm,根据学校工作安排，2026—2027学年秋季学期本科生选课工作即将开始。现将具体安排和要求通知如下：一、学生选课须知（一）学生应依照本通知自行登录教学管理系统选课。1.校园网环境：登录jwxt.cupl.edu.cn或登录中国政法大学教务处网站首页下方“常用平台”点击“教学管理系统”。2.校外环境：通过“智慧法大”的应用中心点击“本科教学管理系统”进入选课。（二）为维护学生公平选课的权利，正选阶段及补退选阶段将继续启用“退课保护”...,教务管理,https://jwc.cupl.edu.cn/jwgl1/tzgg.htm,2026-05-27T09:23:32+00:00,2026-07-29T00:12:01+00:00
93018c780d7a3e1b,关于2025—2026学年春季学期停止教室借用的通知,2026-05-25,https://jwc.cupl.edu.cn/info/1113/16138.htm,各位同学：为保障期末教学、考试工作平稳有序开展，依据《中国政法大学教室使用管理办法》相关规定，本学期自第十四周周一（6月1日）起，暂停受理学生社团活动、班级班会类教室借用申请。请各社团、各班级合理统筹活动安排，尽量在6月1日前完成相关活动举办。6月1日之后，教学补课、课程考试、诚信考试会议、学院统一安排的党团组织活动等，仍可正常依规申请教室使用。请大家相互转告、提前统筹安排，共同维护期末教学秩序。教务处2026年5月25日...,教学服务,https://jwc.cupl.edu.cn/jxfw1/tzgg.htm,2026-05-27T09:23:34+00:00,2026-07-29T00:12:01+00:00
461a650338329494,关于公示2026年秋季学期德国科隆大学交换生项目拟选派名单的通知,2026-05-25,https://jwc.cupl.edu.cn/info/1122/16078.htm,各位同学：经公开报名、学院初审、教务处复核及面试遴选等环节，现对2026年秋季学期德国科隆大学交换生项目拟选派名单进行公示（详情请查看附件），相关情况如下：1.公示期限：2026年5月25日— 5月29日。2.异议反馈：公示期间，如对遴选结果有异议，请向教务处反馈。联系地址：主楼A406联系电话：010-58909686联系邮箱：jlpyk@cupl.edu.cn3.资格确认：本次拟选派结果一经确定，入选学生不得随意更改或放弃派出资格。若确因特殊原因需放弃派出资格，...,交流培养,https://jwc.cupl.edu.cn/jlpy1/tzgg.htm,2026-05-27T09:23:34+00:00,2026-07-29T00:12:01+00:00
0c88a20f5edc1626,关于期末考试期间持续开放有声自习教室的通知,2026-05-21,https://jwc.cupl.edu.cn/info/1113/16058.htm,各年级全体同学：期末考试临近，为缓解同学们复习备考压力，满足大家出声朗读、背诵等学习需求，结合去年有声自习教室试行反馈情况，学校决定本学期持续开放有声自习教室，为同学们提供便捷、舒适的专属学习空间。现将相关事宜通知如下：一、开放范围持续开放端103、致103、明103、逸1012四间教室作为有声自习空间，沿用教务处教室借用相关管理规范，教室班牌将实时更新使用状态，方便同学们查询、使用。二、开放时间开放周期为即日起至本学期第16周周五（...,教学服务,https://jwc.cupl.edu.cn/jxfw1/tzgg.htm,2026-05-27T09:23:34+00:00,2026-07-29T00:12:01+00:00
1724050878b92eb9,关于2026年上半年全国大学英语四六级口试安排的通知,2026-05-18,https://jwc.cupl.edu.cn/info/1075/16008.htm,2026年上半年全国大学英语四、六级口语考试（CET-SET）将于5月23日、24日举行。现将具体工作安排发布如下：一、考试时间级别日期场次时间CET-SET45月23日第一场8:30-9:00第二场9:15-9:45CET-SET65月24日第一场8:30-9:00二、候考安排考生须按照候考安排，按考试场次及时间到达候考室进行签到，并在监考老师的带领下统一到达考场。考场与候考室对应表及候考场次签到时间 三、准考证打印考生须于5月19日9时起登录全国大学英语四、六级考试报名网站（...,考务管理,https://jwc.cupl.edu.cn/kwgl1/tzgg.htm,2026-05-27T09:23:33+00:00,2026-07-29T00:12:01+00:00
0ecf90ca5e482760,关于公布2026级中国政法大学微专业录取名单的通知,2026-05-15,https://jwc.cupl.edu.cn/info/1305/15978.htm,各位同学：经过各微专业管理学院选拔，现公布2026级中国政法大学微专业录取学生名单。一、文化遗产保护—国际法学院学号姓名管理院系250****239白瑞婷国际法学院 / 涉外法治学院250****049程可辛国际法学院 / 涉外法治学院250****131高溢墨民商经济法学院250****040胡悦瑶外国语学院250****231黄诗语国际法学院 / 涉外法治学院250****276贾钧淇刑事司法学院250****026李卓人文学院250****015刘雨霏社会学院250****341曲晓毅国际法学院 ...,教学研究,https://jwc.cupl.edu.cn/jxyj1/tzgg.htm,2026-05-27T09:23:33+00:00,2026-07-29T00:12:01+00:00
7ec7985d2abd8508,关于申请攻读2026年中国政法大学与东盟国家法学教育创新型人才国际合作培养项目硕士研究生的通知,2026-05-14,https://jwc.cupl.edu.cn/info/1122/15918.htm,各位同学：我校“与东盟国家法学教育创新型人才国际合作培养项目”获国家留学基金管理委员会（以下简称国家留学基金委）2026年创新型人才国际合作培养项目立项资助。该项目校内申请现已启动，申请攻读硕士研究生的具体通知如下：一、项目简介（一）合作高校国家院校2026年QS排名新加坡新加坡管理大学世界排名第511，本国排名第3马来西亚马来亚大学世界排名第58，本国排名第1马来西亚马来西亚国立大学世界排名第126，本国排名第3泰国法政大学世界排名第551，...,交流培养,https://jwc.cupl.edu.cn/jlpy1/tzgg.htm,2026-05-27T09:23:34+00:00,2026-07-29T00:12:01+00:00
cbf8ff7a8a06c9df,关于2025级本科生辅修报名相关工作的通知,2026-05-13,https://jwc.cupl.edu.cn/info/1061/15838.htm,根据学校工作安排，自第十二周起将进行2025级本科生辅修报名相关工作。请各学院依据《中国政法大学本科生辅修专业管理办法》组织落实。现将相关事宜通知如下：一、申请条件2025级学生，符合《中国政法大学本科生辅修专业管理办法》第六条规定的均可申请修读辅修，即平均绩点在3.0以上，且无重修课程。每位学生只能辅修一个专业。学生可以申请报名的辅修专业及其他限制见本通知附件1。未按规定填报将不予颁发结业证及学位证。二、工作流程（...,教务管理,https://jwc.cupl.edu.cn/jwgl1/tzgg.htm,2026-05-27T09:23:32+00:00,2026-07-29T00:12:01+00:00
891b5e5202a8e7b9,关于启动2026年秋季学期德国科隆大学交换生项目的通知,2026-05-13,https://jwc.cupl.edu.cn/info/1122/15868.htm,各位同学：为切实贯彻落实学校国际化发展战略，全面提升人才培养质量，推动学校“双一流”建设，我校将启动2026年秋季学期德国科隆大学交换生项目，具体通知如下：一、项目简介1.合作院校：德国科隆大学2.项目名额：本科生6人3.专业要求：法学、德语（注：法学专业同学应有德语语言基础，德语专业同学应有修读法学专业课程背景）4.留学期限：2026年秋季学期派出，为期一学期。5.项目费用：学费免除，食宿、交通、保险等其他个人费用自理。...,交流培养,https://jwc.cupl.edu.cn/jlpy1/tzgg.htm,2026-05-27T09:23:34+00:00,2026-07-29T00:12:01+00:00
92ab8cd9a28d8e20,关于开展人工智能综合能力提升培训工作的通知,2026-05-12,https://jwc.cupl.edu.cn/info/1061/15808.htm,各位同学：为深入贯彻落实人工智能赋能教育行动，主动应对人工智能对高等教育和人才培养的变革影响，进一步提高学生数字素养和人工智能应用水平，支撑核心竞争力提升，服务高质量就业，教育部现开展人工智能综合能力提升培训工作。有关事项通知如下。一、培训对象教育部鼓励全体高校学生积极提升人工智能综合知识，尤其是应届毕业生人工智能认知和应用的能力。全校同学可根据个人意愿，自行选择学习。二、培训时间2026年5月11日—6月10日。...,教务管理,https://jwc.cupl.edu.cn/jwgl1/tzgg/44.htm,2026-05-27T09:23:32+00:00,2026-07-29T00:12:01+00:00
22bdcbbfd25ed7f1,关于组织本科生参加2025-2026学年春季学期课程考核的通知,2026-05-09,https://jwc.cupl.edu.cn/info/1075/15708.htm,各位同学：依照学校教学工作安排，2025-2026学年春季学期本科生课程考核工作即将开始，现就考核方式、考试时间、考试要求、缓考办理、成绩复查等重点工作通知如下：一、考核方式本学期所有课程均采用线下方式进行考核。课程考核分为学校统一排考与开课单位自排考两种方式，具体以任课教师要求及通知为准。二、考试时间选修课考核原则上在第16周之前（含）进行，具体考试时间依照任课教师要求及通知确定。统一排考必修课程考试时间为：...,考务管理,https://jwc.cupl.edu.cn/kwgl1/tzgg.htm,2026-05-27T09:23:33+00:00,2026-07-29T00:12:01+00:00
9c33e1bcc5df3522,关于组织各教学单位开展2025-2026学年春季学期课程考核工作的通知,2026-05-09,https://jwc.cupl.edu.cn/info/1075/15678.htm,各教学单位：本学期课程考核工作应依据《中国政法大学本科生课程考核与成绩管理办法》组织实施，为确保考核组织机构、考核方式、命题规范、试题提交、考核组织、试卷评阅、成绩管理、试卷回缴等关键环节规范运行，请各教学单位课程考核工作小组充分发挥领导作用，全力保障本学期课程考核工作顺利完成。一、考核组织机构各教学单位应当设立考核工作小组，由单位正职领导、分管教学领导、党委副书记、分团委书记、基层教学组织负责人、...,考务管理,https://jwc.cupl.edu.cn/kwgl1/tzgg.htm,2026-05-27T09:23:33+00:00,2026-07-29T00:12:01+00:00
7002f4ec051ae002,关于公示2026年秋季学期台湾铭传大学交换生项目拟选派名单的通知,2026-05-09,https://jwc.cupl.edu.cn/info/1122/15768.htm,各位同学：经公开报名、学院初审、教务处复核及面试遴选等环节，现对2026年秋季学期台湾铭传大学交换生项目（自费）拟选派名单进行公示（详情请查看附件），相关情况如下：1.公示期限：2026年5月9日— 5月14日。2.异议反馈：公示期间，如对遴选结果有异议，请向教务处反馈。联系地址：主楼A406联系电话：010-58909686联系邮箱：jlpyk@cupl.edu.cn3.资格确认：本次拟选派结果一经确定，入选学生不得随意更改或放弃派出资格。若确因特殊原因需放弃派出资格，...,交流培养,https://jwc.cupl.edu.cn/jlpy1/tzgg.htm,2026-05-27T09:23:34+00:00,2026-07-29T00:12:01+00:00
13a74380d3284f51,关于公示2026年国际课程助教资格入选名单的通知,2026-05-09,https://jwc.cupl.edu.cn/info/1122/15738.htm,依据《中国政法大学国际课程建设管理办法》（法大发〔2023〕94号）相关要求，学校为承担国际课程授课任务的外籍教师统一配备课程教学助手，统筹做好教学配合、事务对接及相关辅助保障工作。2026年4月21日至5月9日，教务处组织开展2026年度国际课程助教资格遴选工作。本次遴选历经公开自主报名、宣讲、现场面试等环节严格筛选，最终确定49名同学入选并取得国际课程助教任职资格。现将《2026年国际课程助教资格入选名单》予以公示，具体名单详见附件。...,交流培养,https://jwc.cupl.edu.cn/jlpy1/tzgg/61.htm,2026-05-27T09:23:34+00:00,2026-07-29T00:12:01+00:00
c169969d9c567915,教学助理4月工作记录统计及工资发放说明,2026-05-07,https://jwc.cupl.edu.cn/info/1113/15548.htm,各学院及各位教学助理同学：本统计周期为4月2日至5月6日，教学助理的工作记录已由任课教师和各学院分别审核确认，并根据审核结果发放了相应工资。每位助教的具体工作周数和工资金额详见附件。已提交工作记录，但任课教师或学院尚未完成审核的，暂不纳入本次统计，待下一审核周期完成审核后，将补发相应工资。 本项费用将由研究生工作办公室通过财务处系统进行申报，并发放至研究生同学在智慧法大登记的银行卡中，预计将于5月中下旬到账。...,教学服务,https://jwc.cupl.edu.cn/jxfw1/tzgg.htm,2026-05-27T09:23:34+00:00,2026-07-29T00:12:01+00:00
c171911a0874b6f4,关于开展2026年春季、夏季学期学历学位授予申请的通知,2026-05-07,https://jwc.cupl.edu.cn/info/1042/15608.htm,各学院：根据《中华人民共和国学位法》、《中国政法大学学位授予办法》等相关要求，现启动学历学位授予申请与审核工作，具体工作安排通知如下：一、申请范围1.2026届本科、第二学士学位毕业生；2.2025届本科、第二学士学位毕业生中，未取得毕业证书且已达到毕业证、学位证授予要求的同学。二、申请流程（一）毕业审核结果确认学生可自行登录教学管理系统查询毕业审核结果（我的方案--毕业审核结果查询），如显示为“正常毕业”的，即可直接申请学历学位授予。...,学籍管理,https://jwc.cupl.edu.cn/xjgl1/tzgg.htm,2026-05-27T09:23:32+00:00,2026-07-29T00:12:01+00:00
038fab0d2a8bb38b,关于2025-2026学年春季学期《人民教育家在法大》网络课程修读通知,2026-05-06,https://jwc.cupl.edu.cn/info/1061/15518.htm,根据教学工作安排，2025-2026学年春季学期《人民教育家在法大》网络课课程即将开始，现将修读事宜通知如下：一、课程范围《人民教育家在法大》为校本课组内课程，25级本科生（不含25级汉语言专业及4+2学生）均需修读，该课程为置入课程，无需选课。二、修读时间2026年5月8日（第十周周五）9:00—6月7日（第十四周周日）23:59。即日起，学生可登录课程平台（3rdsemester.fanya.chaoxing.com）进行修读（学习通绑定、登录方式参见附件1）...,教务管理,https://jwc.cupl.edu.cn/jwgl1/tzgg/44.htm,2026-05-27T09:23:32+00:00,2026-07-29T00:12:01+00:00
a72f4526b235d34b,关于开展第八届（2026年）中国政法大学青年教学名师奖评选工作的通知,2026-04-28,https://jwc.cupl.edu.cn/info/1104/15288.htm,各院、部、所、室、中心：为鼓励青年教师践行立德树人使命，潜心投入本科教学，积极创新教学实践，精进教学技能，提升教学质量，根据《中国政法大学青年教学名师奖评选奖励办法》（法大发〔2021〕73号），现将第八届（2026年）中国政法大学青年教学名师奖评选工作具体事项通知如下：一、推荐名额各二级单位可根据本单位教师的教学工作表现择优推荐1名候选人。此外，学校在编教师15人（含）以上，或在籍本科生50人（含）以上，可通过书面联名推荐方式推荐1名候选人。...,质量监控,https://jwc.cupl.edu.cn/zljk1/tzgg.htm,2026-05-27T09:23:34+00:00,2026-07-29T00:12:01+00:00
88a442e9de1f31a0,关于开展第二届（2026年）中国政法大学张晋藩教育奖（教学）评选工作的通知,2026-04-28,https://jwc.cupl.edu.cn/info/1104/15258.htm,各院、部、所、室、中心：为大力弘扬教育家精神，鼓励教师牢记为党育人、为国育才初心使命，树立“躬耕教坛、强国有我”的志向和抱负，全面落实立德树人根本任务，做“经师”和“人师”相统一的“大先生”，用大爱书写教育人生，根据《中国政法大学张晋藩教育奖（教学）评选奖励办法》（法大发〔2024〕153号），现将第二届（2026年）中国政法大学张晋藩教育奖（教学）评选工作具体事项通知如下：一、推荐名额根据教师教育教学工作表现，...,质量监控,https://jwc.cupl.edu.cn/zljk1/tzgg.htm,2026-05-27T09:23:34+00:00,2026-07-29T00:12:01+00:00
2f0e726bb842709b,关于开展2025-2026学年度中国政法大学优秀教学奖评选工作的通知,2026-04-28,https://jwc.cupl.edu.cn/info/1104/15318.htm,各院、部、所、室、中心：为推进广大教师践行教书育人使命，推动全校重视人才培养和教学基本建设，激励教师积极投身教学一线、致力教学改革与研究，提高教育教学水平，根据《中国政法大学优秀教学奖评选办法》（法大发〔2021〕74号），现将2025-2026学年度优秀教学奖评选工作具体事项通知如下：一、推荐名额（一）优秀教学个人奖教学单位、在编科研机构按专任教师人数进行推荐。一等奖和二等奖推荐总额不超过专任教师人数的6%，其中一等奖推荐名额不超过专任教师人数的1%...,质量监控,https://jwc.cupl.edu.cn/zljk1/tzgg.htm,2026-05-27T09:23:34+00:00,2026-07-29T00:12:01+00:00
be8379e6fa2b080e,关于2025-2026学年夏季学期部分课程停开的通知,2026-04-28,https://jwc.cupl.edu.cn/info/1061/15348.htm,各位同学:2025-2026学年夏季学期选课已经结束，针对部分课程选课人数不足的情况，经与开课单位、任课教师协调沟通后，以下课程停开：序号课程序号课程名称开课单位1408080882.01高级法律法语外国语学院2408080991.01法语语法难点解析外国语学院3G01101002.01比较卫生法与卫生伦理法学院4G01100982.01亚洲知识产权法—特色、启发与挑战法学院5G07100102.01信念修正与规范推理人文学院6G08100122.01讽刺文学欣赏外国语学院请各位同学及时查看停开结果，...,教务管理,https://jwc.cupl.edu.cn/jwgl1/tzgg/44.htm,2026-05-27T09:23:32+00:00,2026-07-29T00:12:01+00:00
dee91e7e1fa9d5bc,关于申请2026年秋季学期台湾铭传大学交换生项目的通知,2026-04-28,https://jwc.cupl.edu.cn/info/1122/15388.htm,各位同学：经协商一致，我校将继续选派优秀学生赴台湾铭传大学开展为期1学期的交换学习，具体通知如下：一、名额自费研修生1-2名。二、面向群体我校全日制普通本科生。三、接收学院专业及费用情况详见2026年秋季学期铭传大学交换生选派院系信息及费用一览（附件1）。四、选拔条件1.热爱社会主义祖国，拥护祖国统一，思想进步，政治立场坚定；2.申请时年满十八周岁；3.身心健康，有较好的适应能力；4.品学兼优，无不及格课程，专业课平均分80及以上，...,交流培养,https://jwc.cupl.edu.cn/jlpy1/tzgg/61.htm,2026-05-27T09:23:34+00:00,2026-07-29T00:12:01+00:00
99a4eac251c01dd0,【转】关于选拔学生参加2026年“中国国际海洋法模拟法庭竞赛”（英文）的通知,2026-04-27,https://jwc.cupl.edu.cn/info/1084/15228.htm,全体同学：为了加强高校学生对国家海洋权益的关注，促进未来海洋法专业人才的培养和选拔，中国海洋法学会、武汉大学中国边界和海洋研究院共同举办“中国国际海洋法模拟法庭竞赛”（英文）。竞赛模拟国际海洋法法庭审理程序，以英文为竞赛语言，邀请国际海洋法法庭法官、国家相关部委高级官员及国内外知名专家学者等担任评审。竞赛对于推进高校学生对海洋法的掌握和运用、促进海洋法知识的传播和争端解决人才的培养、强化我校涉外法治人才的培养具有重要意义。...,实践教学,https://jwc.cupl.edu.cn/sjjx1/tzgg.htm,2026-05-27T09:23:33+00:00,2026-07-29T00:12:01+00:00
3dc81cd81e229b48,关于2025级本科生转专业名单公示的通知,2026-04-27,https://jwc.cupl.edu.cn/info/1042/15188.htm,根据《中国政法大学本科生转专业实施办法》的规定，经转出学院推荐和接收学院考核，拟批准96名同学转专业，名单见智慧法大内通知，公示期为7个工作日，自2026年4月27日至5月8日止。如有异议，可向教务处学籍管理科反映，电话：58909126，邮箱:xjk@cupl.edu.cn。 教务处2026年4月27日,学籍管理,https://jwc.cupl.edu.cn/xjgl1/tzgg.htm,2026-05-27T09:23:32+00:00,2026-07-29T00:12:01+00:00
e6e08f9c0ae894aa,关于开展2025-2026学年春季学期本科课堂教学质量评价（学生评价）工作的通知,2026-04-24,https://jwc.cupl.edu.cn/info/1104/14958.htm,为深入贯彻“立德树人、德法兼修”的育人理念，全面落实学校本科教育教学高质量发展要求，不断强化质量意识，充分发挥学生在教学评价、教学改进和质量提升中的积极作用，推动教师持续优化教学方法、提升教学水平，更好地实现人才培养目标，现依据《中国政法大学本科课堂教学质量评价实施办法》（法大发〔2017〕141号），组织开展课堂教学质量评价（学生评价）工作。一、学生评价时间与要求自即日起至第13周周四（5月28日）结束，评价方式详见《...,质量监控,https://jwc.cupl.edu.cn/zljk1/tzgg.htm,2026-05-27T09:23:34+00:00,2026-06-13T01:36:01+00:00
20d3da9e81febb56,关于开展2026-2027学年秋季学期国内名校交换培养选派工作的通知,2026-04-24,https://jwc.cupl.edu.cn/info/1113/15008.htm,为充分共享国内高水平优质教学资源，丰富本科生校际学习经历，提高人才培养质量，学校将继续选派本科生赴国内知名高校进行交换培养学习。根据学校与厦门大学、华东师范大学等6所国内高校交换培养协议和《中国政法大学与国内名校交换培养本科生实施办法（试行）》相关规定，现启动2026-2027学年秋季学期交换培养本科生选派工作，现将有关事项通知如下：交换培养模式在现有的四年制人才培养模式基础上实施。在交换学校学习的专业须为同一专业或同为一级学科的专业。...,教学服务,https://jwc.cupl.edu.cn/jxfw1/tzgg.htm,2026-05-27T09:23:34+00:00,2026-07-29T00:12:01+00:00
3ba235d682e07a5a,关于2025-2026学年本科生社会实践工作的通知（校教字[2026]第013号）,2026-04-24,https://jwc.cupl.edu.cn/info/1084/15098.htm,各学院：2024级本科生将于2026年暑期开展为期四周的社会实践。根据教育部、北京市教委相关工作部署和《中国政法大学社会实践课程管理办法》（校教字[2016]第97号）（以下简称管理办法），现将相关要求通知如下。一、总体要求社会实践是本科生的必修课，是我校本科培养方案的重要组成部分。社会实践活动应以关注、解决中国问题为切入点，针对当前理论热点和现实问题进行探究。各学院要严格按照上述要求，做到组织有序，落实每位学生的实践活动去向。...,实践教学,https://jwc.cupl.edu.cn/sjjx1/tzgg/72.htm,2026-05-27T09:23:33+00:00,2026-07-29T00:12:01+00:00
c023a1469d7d543f,关于2025-2026学年本科生专业实习工作的通知（校教字〔2026〕第012号 ）,2026-04-24,https://jwc.cupl.edu.cn/info/1084/15148.htm,各学院：根据《教育部等六部门关于加强普通本科高校大学生实习工作的意见》（教高〔2026〕1号）要求及北京市教委相关工作部署和学校相关规定，依照各专业本科培养方案要求，现对我校2025-2026学年本科生专业实习各阶段工作提出以下要求。一、总体要求专业实习应以关注、解决中国问题为切入点，针对当前理论热点和现实问题进行探究。（一）各学院应结合本专业特点，创新专业实习工作模式，从组织形式、专业对口、有利于学生就业等方面不断完善，...,实践教学,https://jwc.cupl.edu.cn/sjjx1/tzgg.htm,2026-05-27T09:23:33+00:00,2026-07-29T00:12:01+00:00
bbbb56d439407b4c,关于2026年秋季学期赴国（境）外交换生项目 （第二批）拟增派名单公示的通知,2026-04-24,https://jwc.cupl.edu.cn/info/1122/15068.htm,各位同学：因第二批部分交换生项目名额增加，依照公开报名、学院初审、教务处复核及面试遴选等环节，按面试结果及学生情况，现对2026年秋季学期赴国（境）外交换生项目（第二批）拟增加选派名单进行公示（详情请查看附件），现将有关事项公示如下：1.公示期限：2026年4月24日— 4月30日。2.异议反馈：公示期间，如对遴选结果有异议，请向教务处反馈。联系地址：主楼A406联系电话：010-58909686联系邮箱：jlpyk@cupl.edu.cn3.资格确认：...,交流培养,https://jwc.cupl.edu.cn/jlpy1/tzgg/61.htm,2026-05-27T09:23:34+00:00,2026-07-29T00:12:01+00:00
68ac22833e7784ab,关于申请2026-2027学年秋季学期新开设创新创业课程的通知,2026-04-23,https://jwc.cupl.edu.cn/info/1084/14968.htm,各开课单位：根据《中国政法大学本科生创新创业教育管理办法》（校教字〔2017〕第069号）和《中国政法大学创新创业课程管理办法（试行）》（校教字〔2017〕第045号），创新创业课程是开展创新创业教育工作的主阵地，学校鼓励相关开课单位建设并持续推出相当数量的高质量创新创业课程。现将申请2026-2027学年秋季学期新开设创新创业课程的相关工作安排如下：一、课程开设学期2026-2027学年秋季学期二、课程开课人员我校专任教师三、课程开设要求（...,实践教学,https://jwc.cupl.edu.cn/sjjx1/tzgg/72.htm,2026-05-27T09:23:33+00:00,2026-07-29T00:12:01+00:00
a285032e34f16da0,关于组织申报2026年度教育部大中小学课程教材研究项目的通知,2026-04-22,https://jwc.cupl.edu.cn/info/1094/14928.htm,各教学科研单位：为深入贯彻党的二十大和二十届历次全会精神，贯彻落实习近平总书记关于教育的重要论述和关于教材工作的重要指示批示精神，落实《教育强国建设规划纲要(2024—2035年)》部署要求，依据《教育部大中小学课程教材研究项目管理办法》(教材厅〔2025〕1号)《教育部办公厅关于组织申报2026年度教育部大中小学课程教材研究项目的通知》（教材厅函〔2026〕5号）有关要求，现启动2026年度教育部大中小学课程教材研究项目申报工作。...,教材建设,https://jwc.cupl.edu.cn/jcjs1/tzgg.htm,2026-05-27T09:23:34+00:00,2026-07-29T00:12:01+00:00
cb99974add458dbc,关于2026届毕业生提交毕业论文（设计）最终版及填报学位备案相关论文信息工作的通知,2026-04-21,https://jwc.cupl.edu.cn/info/1084/14868.htm,各位2026届毕业同学：根据2026届本科生毕业工作要求，为确保学位授予备案相关论文信息的准确，请所有已确认毕业的同学按照操作说明（详见PDF），登录本科生毕业论文管理系统，并根据本人论文最终稿实际情况，在规定操作时间内认真完成论文相关信息填报、上传毕业论文（设计）最终版等确认工作。操作时间：即日起至5月11日16:00。操作入口：本科生毕业论文管理系统-提交毕业论文（设计）最终版请同学们务必仔细阅读附件操作说明，建议先下载附件通读说明。...,实践教学,https://jwc.cupl.edu.cn/sjjx1/tzgg/72.htm,2026-05-27T09:23:33+00:00,2026-07-29T00:12:01+00:00
89f8237ad733b023,关于2026年国际课程助教遴选的通知,2026-04-21,https://jwc.cupl.edu.cn/info/1122/14898.htm,各位同学：根据《中国政法大学国际课程建设管理办法》（法大发〔2023〕94号）的规定，学校为每位讲授国际课程的国际教师配备一名教学助手，负责国际教师的教学辅助及其他有关工作。助教工作任务繁多，责任重大，需要良好的综合素质和外语水平，也是向国际教师展现法大学子精神面貌的重要窗口。现面向全校学生遴选国际课程助教，参与后续国际课程工作。一、申请要求1.具备良好的政治素质，无违法违纪记录；2.有责任心，沟通协调能力强；...,交流培养,https://jwc.cupl.edu.cn/jlpy1/tzgg/61.htm,2026-05-27T09:23:35+00:00,2026-07-29T00:12:01+00:00
5bdbe76e284177bc,2026年中国政法大学微专业招生选拔通知,2026-04-20,https://jwc.cupl.edu.cn/info/1305/14808.htm,为深入贯彻习近平新时代中国特色社会主义思想，落实新时代高等教育跨学科复合型人才培养的战略要求，充分发挥学校法学学科核心优势与多学科融合办学特色，搭建特色化、多元化的本科人才培养平台，学校依托各教学单位优质资源开设7个微专业，现面向全校全日制在校本科生开展招生选拔工作。现将有关事项通知如下：一、项目简介本次开设的微专业紧扣国家法治建设与社会发展人才需求，融合人工智能、公共管理、商务管理、心理学、新闻传播、...,教学研究,https://jwc.cupl.edu.cn/jxyj1/tzgg.htm,2026-05-27T09:23:33+00:00,2026-07-29T00:12:01+00:00
39b2b813d0f33970,关于2026-2027学年秋季学期本科课程安排工作的通知,2026-04-20,https://jwc.cupl.edu.cn/info/1061/14818.htm,各教学单位：2026-2027学年春季学期本科生课程排课工作即将启动，现将具体工作通知如下：一、工作进度（一）核查培养方案。第八周周一至周六（4月20-25日），各学院核查并维护教学管理系统中相关专业培养方案（含辅修、第二学士学位培养方案）。（二）教师认领课程。第八周周日至第十周周一（4月26日-5月4日），各教学单位组织具备教师资格的教学科研岗位教师在线填写提交开课任务书（课程认领），并及时完成认领审核工作。对于非所在单位开设的课程，...,教务管理,https://jwc.cupl.edu.cn/jwgl1/tzgg/44.htm,2026-05-27T09:23:32+00:00,2026-07-29T00:12:01+00:00
2f61e009ef876b50,关于公布2026年北京市级创新训练计划项目立项的通知（校教字[2026]第011号）,2026-04-16,https://jwc.cupl.edu.cn/info/1084/14778.htm,各学院及项目团队：经学生本人申报、所在学院初审、专家组答辩评审等程序，我校2026年北京市级创新训练计划项目共有100个项目立项（见附件1）。现将相关具体工作部署如下：一、经费拨付各项目组根据批准额度合理使用项目经费，严格遵守学校的财务管理制度。项目经费于立项后首次拨付40%，项目经费到账后，各项目组开始报销。二、项目实施1.请各项目组下载《本科生创新项目实施过程记录簿》电子版（见附件2），用于记录创新项目实施过程。...,实践教学,https://jwc.cupl.edu.cn/sjjx1/tzgg/72.htm,2026-05-27T09:23:33+00:00,2026-07-29T00:12:01+00:00
87e32ef8fef0f74e,关于2026届本科生创新创业学分认定的通知,2026-04-15,https://jwc.cupl.edu.cn/info/1084/14698.htm,各学院:根据《中国政法大学本科生创新创业教育管理办法》（校教字〔2017〕第069号），学校现开展2026届本科生创新创业学分认定工作。具体安排如下：1.2026届本科生在教学管理系统中操作申请认定大学生创新创业训练计划项目的创新创业学分。学生参加大学生创新创业训练计划项目并结项，负责人可获得创新创业学分2学分，其他成员可获得创新创业学分1学分。一人只能申请一次，成绩记录方式为百分制。2.提交申请时间为：2026年4月16日9:...,实践教学,https://jwc.cupl.edu.cn/sjjx1/tzgg/72.htm,2026-05-27T09:23:33+00:00,2026-07-29T00:12:01+00:00
6f61a178d5954649,关于发布2025-2026学年夏季学期拟开设国际课程简介的通知,2026-04-15,https://jwc.cupl.edu.cn/info/1122/14728.htm,各位同学：为推动学校“双一流”建设，切实落实学校国际化发展战略，进一步加强学校国际化教育水平，我校于2026年夏季学期邀请海内外知名专家、学者开设国际课程共计57门（具体课程详见列表）。课程设置上充分考虑到学校不同专业学生需求，涵盖法学、哲学、政治学、文学、经济学、管理学、新闻学等多个学科门类，给予学生多元化课程选择。2026年夏季学期选课在即，为使同学们充分获取、了解国际课程相关信息，完成国际课程选课工作，...,交流培养,https://jwc.cupl.edu.cn/jlpy1/tzgg/61.htm,2026-05-27T09:23:35+00:00,2026-07-29T00:12:01+00:00
14a7ced31e775e4a,关于2025-2026学年夏季学期选课工作的通知,2026-04-14,https://jwc.cupl.edu.cn/info/1061/14648.htm,根据学校工作安排，2025-2026学年夏季学期本科生选课工作即将开始。现将具体安排和要求通知如下：一、学生选课须知1.学生应依照本通知，根据阶段安排自行登录教学管理系统选课。选课登录路径为：jwxt.cupl.edu.cn，或登录中国政法大学教务处网站首页点击“教学管理系统入口”，校外IP请通过智慧法大跳转登录。2.选课制度与政策参见《中国政法大学本科学分制管理办法》《中国政法大学本科生选课管理办法》。学生应于选课前仔细阅读选课制度政策、...,教务管理,https://jwc.cupl.edu.cn/jwgl1/tzgg/44.htm,2026-05-27T09:23:32+00:00,2026-07-29T00:12:01+00:00
856f644e86a24198,关于组织开展2023级本科生“思政实践教育”学分认定工作的通知,2026-04-13,https://jwc.cupl.edu.cn/info/1084/14538.htm,各学院、各2023级班级和同学：为深入贯彻落实党的二十大和二十届历次全会精神，鼓励学生将个人理想融入国家发展大局，通过思政课的实践教学活动，深刻理解中国式现代化的内涵，在服务人民、奉献社会的过程中锤炼品格、增长才干，展现新时代青年的责任与担当，遵照学校关于新时代思政实践改革的精神指导和培养方案的相关规定，现开展2023级本科生“思政实践教育”学分的认定工作。请各学院广泛动员，组织学生认真准备，现将有关事项通知如下：...,实践教学,https://jwc.cupl.edu.cn/sjjx1/tzgg/72.htm,2026-05-27T09:23:33+00:00,2026-07-29T00:12:01+00:00
74cf859d25208f52,关于2026年秋季学期赴国（境）外交换生项目 （第二批）拟选派名单公示的通知,2026-04-13,https://jwc.cupl.edu.cn/info/1122/14598.htm,各位同学：经公开报名、学院初审、教务处复核及面试遴选等环节，现对2026年秋季学期赴国（境）外交换生项目（第二批）拟选派名单进行公示（详情请查看附件），现将有关事项公示如下：1.公示期限：2026年4月13日— 4月17日。2.异议反馈：公示期间，如对遴选结果有异议，请向教务处反馈。联系地址：主楼A406联系电话：010-58909686联系邮箱：jlpyk@cupl.edu.cn3.资格确认：本次拟选派结果一经确定，入选学生不得随意更改或放弃派出资格。...,交流培养,https://jwc.cupl.edu.cn/jlpy1/tzgg/61.htm,2026-05-27T09:23:35+00:00,2026-07-29T00:12:01+00:00
a28b0665b3cacba0,【转】国际商事模拟法庭选课通知暨2026年“贸仲杯”国际商事仲裁模拟仲裁庭辩论赛队员招募,2026-04-10,https://jwc.cupl.edu.cn/info/1084/14568.htm,全体同学：为深化涉外法治人才培养，提升同学们的国际商事法律实践能力、英语应用能力和思辨能力，搭建理论与实践深度融合的学习平台，同时为选拔优秀队员代表我校参加2026年“贸仲杯”国际商事仲裁模拟仲裁庭辩论赛（以下简称“贸仲杯”）及后续相关国际赛事，现将国际商事模拟法庭课程选课及队员招募相关事宜通知如下。本次通知明确：队员选拔不以上课为前提条件，国际商事模拟法庭课程对全体同学开放，队员选拔将另行独立开展，选课与参赛选拔互不绑定、...,实践教学,https://jwc.cupl.edu.cn/sjjx1/tzgg/72.htm,2026-05-27T09:23:33+00:00,2026-07-29T00:12:01+00:00
69c63938233a1d8d,关于举办昌平校区模拟法庭设备使用培训的通知,2026-04-09,https://jwc.cupl.edu.cn/info/1084/14508.htm,各位教职工：为切实落实学校实践导向育人要求，进一步提升我校法学及相关专业的实践教学水平，充分发挥模拟法庭作为校内重要实训资源的作用，保障规范、安全、高效使用模拟法庭设备，现组织昌平校区模拟法庭设备使用专场培训，具体安排如下：一、培训时间2026年4月14日（星期二）下午14:00二、培训地点昌平校区 明法楼405教室（模拟法庭一）三、参训人员校内需要使用模拟法庭内部设备的在校教职工。用途包括但不限于开设模拟法庭课程、...,实践教学,https://jwc.cupl.edu.cn/sjjx1/tzgg/72.htm,2026-05-27T09:23:33+00:00,2026-07-29T00:12:01+00:00
70fa73f54bd703d9,【转】关于2025-2026学年《空间法模拟法庭（英语双语）》课程选课和“空间法模拟法庭竞赛”队员选拔的通知,2026-04-07,https://jwc.cupl.edu.cn/info/1084/14408.htm,全体同学：我校自2003年参加国际空间法学会举办的曼弗雷德·拉克斯空间法模拟法庭竞赛以来，连续十年卫冕全国冠军，多次获得全国冠军，并持续在亚太赛取得优秀成绩。2023年6月和10月我校代表队分别获该赛事亚太赛冠军和世界冠军，打破该赛事中国赛队的成绩记录。为选拔队员参加2026年国内选拔赛和2027年亚太地区国际赛，2025-2026学年夏季学期将继续开设《空间法模拟法庭课程（英语双语）》。现将课程选课及竞赛初次选拨（以下简称“...,实践教学,https://jwc.cupl.edu.cn/sjjx1/tzgg/71.htm,2026-05-27T09:23:33+00:00,2026-06-13T01:36:01+00:00
3731bdd53179da1b,【转】人文学院关于举行2026年北京市大学生书法大赛校内选拔赛的通知,2026-04-07,https://jwc.cupl.edu.cn/info/1084/14438.htm,全体本科生：根据《2026年北京市大学生书法大赛竞赛方案》，现将我校校内选拔赛的具体要求通知如下：一、竞赛目的北京市大学生书法竞赛旨在展现长征精神铸就新长城的革命文化魅力，歌颂中国人民不屈不挠、众志成城、艰苦奋斗的民族伟大精神，以笔墨弘扬书法文化、传承书法艺术、宣传书法知识，致敬中华民族伟大复兴，使大学生领会和理解书法文化艺术深邃的哲思情理，鼓励大学生开展书法研习与创作，激发大学生的民族自豪感和爱国主义情怀。...,实践教学,https://jwc.cupl.edu.cn/sjjx1/tzgg/71.htm,2026-05-27T09:23:33+00:00,2026-06-13T01:36:01+00:00
ddc98f9ff9cc3f81,关于开展2026届毕业名单确认工作的通知,2026-04-03,https://jwc.cupl.edu.cn/info/1042/14358.htm,"各学院:2026届毕业名单确认工作将在教学管理系统中进行, 为保证后续毕业确认工作的顺利开展，请相关学院和毕业生先熟悉具体系统操作说明（附件1、附件2）并在规定时间内完成最终确认。具体工作安排如下：一、工作开展时间系统开放时间：4月7日0点-17日24点。学生需在系统开放时段自行登录教学管理系统进行毕业确认（详见附件1）,待学生确认完毕后，学院需对本院学生的毕业确认结果进行复核确认（详见附件2）。学院可同步查看本院学生的确认情况，...",学籍管理,https://jwc.cupl.edu.cn/xjgl1/tzgg.htm,2026-05-27T09:23:32+00:00,2026-07-29T00:12:01+00:00
e1019445e7638598,关于组织开展2025-2026学年本科生毕业论文答辩阶段工作的通知(校教字〔2026〕第009号),2026-04-02,https://jwc.cupl.edu.cn/info/1084/14288.htm,各学院：根据《中国政法大学本科生毕业论文工作管理办法》（法大发〔2023〕154号）（以下简称《办法》）及相关工作安排，本学期第7-9周开展毕业论文答辩阶段的工作。请各学院按照学校有关规定，切实做好该阶段各项工作。具体工作安排如下：一、日程安排1.正常答辩工作应于第9周前完成，并于4月30日前完成毕业论文成绩的录入，采用百分制。2.学生因故不能按时参加答辩的，经组织答辩学院批准，可推迟答辩，但最晚须在第11周（5月15日）...,实践教学,https://jwc.cupl.edu.cn/sjjx1/tzgg/71.htm,2026-05-27T09:23:33+00:00,2026-06-13T01:36:01+00:00
ca504eb08603c5eb,关于做好2025-2026学年“全国大学生实习公共服务平台”数据报送工作的通知,2026-04-02,https://jwc.cupl.edu.cn/info/1084/14308.htm,各本科教学单位：为落实《教育部等六部门关于加强普通本科高校大学生实习工作的意见》（教高〔2026〕1号）文件精神，根据《教育部高等教育司关于做好2025-2026学年“全国大学生实习公共服务平台”数据报送工作的通知》，现就做好我校2025-2026学年“全国大学生实习公共服务平台”（以下简称“平台”）数据报送工作有关事项通知如下。一、数据报送内容2025-2026学年所报送实习信息，是指纳入各专业的培养方案安排，设有课程名称和学分，...,实践教学,https://jwc.cupl.edu.cn/sjjx1/tzgg/71.htm,2026-05-27T09:23:33+00:00,2026-06-13T01:36:01+00:00
756af241abcff2bf,第二批涉外法治系列教材拟培育名单公示,2026-04-01,https://jwc.cupl.edu.cn/info/1094/14258.htm,为完善学校涉外法治教材体系建设，丰富涉外法治教学内涵、提升人才培养质量，我校启动了第二批“涉外法治系列教材”遴选工作。本次遴选坚持公开、公平、公正原则，严格按照规范流程，经教师自愿申报、相关职能部门初审、专家综合评审，经本科教学指导委员会审议通过，拟定第二批涉外法治系列教材培育名单。现将审议后的培育名单（见附件）予以公示，公示期为自公示之日起5个工作日。公示期间如有异议，请联系教务处教材建设科，电话：...,教材建设,https://jwc.cupl.edu.cn/jcjs1/tzgg.htm,2026-05-27T09:23:34+00:00,2026-07-29T00:12:01+00:00
ff797483fd33bc37,关于2025-2026学年春季学期第二批网络课程修读事宜的通知,2026-04-01,https://jwc.cupl.edu.cn/info/1061/14228.htm,一一为推动网络课程改革，本学期网络课程选课分为两个批次，第一批为通识必修课、本校教师开设的网络课程；第二批为尔雅课（通识选修课）。一一根据教学工作安排，2025-2026学年春季学期第二批网络课程选课即将开始，现将相关选课事宜通知如下：一一一、选课说明一一网络课程为自愿修读（除置入必修课外），学生可选课或不进行操作。因网络课程单学期最多选修1门，第一批已选课学生不能再选第二批网络课程。一一有意向选择第二批网络课程修读的学生须首先完成尔雅通识素养测评。...,教务管理,https://jwc.cupl.edu.cn/jwgl1/tzgg/44.htm,2026-05-27T09:23:32+00:00,2026-07-29T00:12:01+00:00
d5515b0556898786,【转】关于组织学生参加第十八届全国大学生广告艺术大赛的通知,2026-03-31,https://jwc.cupl.edu.cn/info/1084/14198.htm,光明新闻传播学院关于组织学生参加第十八届全国大学生广告艺术大赛的通知全体学生：全国大学生广告艺术大赛（简称大广赛）自2005年首次举办至今，遵循“促进教改、启迪智慧、强化能力、提高素质”的大赛宗旨，成功举办了17届赛事。每届大广赛全国都有超过百万学生提交作品。大广赛发挥了大学生群体的智慧和创造力，培养了大学生的创新意识和解决问题的能力，展示了新一代大学生的学识水平和精神风貌，迄今为止已成为规模庞大、覆盖高等院校广泛、...,实践教学,https://jwc.cupl.edu.cn/sjjx1/tzgg/71.htm,2026-05-27T09:23:33+00:00,2026-06-13T01:36:01+00:00
5ae8281ce25b4252,关于2026年秋季学期赴芬兰图尔库大学交换生项目拟选派名单公示的通知,2026-03-31,https://jwc.cupl.edu.cn/info/1122/14168.htm,各位同学：经公开报名、学院及教务处审核、面试遴选，现将2026年秋季学期赴芬兰图尔库大学交换生项目拟选派名单进行公示（详情请查看附件）。项目一经确定，任何同学不得随意更改和放弃。一、公示期限2026年3月31日—4月7日二、监督与反馈公示期内，如对公示结果有异议，或确有特殊原因须放弃派出资格的，请向教务处交流培养科反映。联系电话：010-58909686办公地址：昌平校区主楼A406电子邮箱：jlpyk@cupl.edu.cn后续对外申请、推荐等事宜，...,交流培养,https://jwc.cupl.edu.cn/jlpy1/tzgg/61.htm,2026-05-27T09:23:35+00:00,2026-07-29T00:12:01+00:00
5d59eadf56b49279,关于发布2025-2026学年春季学期学业预警结果的通知,2026-03-30,https://jwc.cupl.edu.cn/info/1075/14088.htm,窗体顶端各位同学：为使在校本科生及时了解本人培养方案完成情况，督促学生顺利完成学业，依据《中国政法大学学位授予办法》相关规定，教务处对截至到2026年3月30日的本科生成绩进行学业预警统计，对在校期间必修课成绩低于60分课程门次数、一学年内必修课成绩低于60分课程门次数、专业必修课程成绩低于70分的课程数量占比等学位授予条件进行统计，以修读情况达到不授予学位条件统计值的1/2为临界值进行预警。统计结果包括如下四种：...,考务管理,https://jwc.cupl.edu.cn/kwgl1/tzgg.htm,2026-05-27T09:23:33+00:00,2026-07-29T00:12:01+00:00
575cf271413104cb,关于2026届本科生毕业审核相关工作的通知（校教字〔2026〕第007号）,2026-03-30,https://jwc.cupl.edu.cn/info/1075/14098.htm,依照学校工作安排，2026届本科毕业生毕业审核相关工作即将进行，现就相关工作安排通知如下，请各单位依照要求按时完成各节点工作，保证毕业审核顺利进行。一、毕业生名单确认（一）工作要求相关工作依据教务处专项通知开展，请在规定时间内完成相应工作。毕业年级辅导员统计审核提前、延期毕业学生名单后提交至学籍科，由考务科进行成绩审核；提醒和督促毕业生在规定的时间内进行毕业确认，并进行复核。（务必提醒学生：主修和辅修学位绑定，...,考务管理,https://jwc.cupl.edu.cn/kwgl1/tzgg.htm,2026-05-27T09:23:33+00:00,2026-07-29T00:12:01+00:00
3d5dbac9545c63d4,关于开展2026届毕业生提前和延期毕业申请工作的通知,2026-03-30,https://jwc.cupl.edu.cn/info/1042/14108.htm,各学院2026届毕业生提前毕业和延期毕业申请工作即将启动，具体工作安排如下：一、申请时间安排1.3月31日-4月2日① 学生向学院提出申请（延期毕业/提前毕业）；② 学院审核学生提交的申请并录入汇总表；③ 2日16：00前学院提交审核通过的汇总表至学籍科；2.4月3日④ 考务科复审学院提交的汇总表；⑤ 学籍科将审核通过的汇总表返回各学院并录入教学管理系统。二、延期毕业有关工作安排1.学生在基准培养模式年限内（普通本科四年），未完成学业（...,学籍管理,https://jwc.cupl.edu.cn/xjgl1/tzgg.htm,2026-05-27T09:23:32+00:00,2026-07-29T00:12:01+00:00
b3fe2b693957738c,关于2026年赴香港律政司实习项目拟选派名单的公示,2026-03-27,https://jwc.cupl.edu.cn/info/1122/14058.htm,各位同学：经公开报名、学院初审、教务处复核及面试遴选等环节，现对2026年赴香港律政司实习项目拟选派名单予以公示（具体名单见附件），现将有关事项公示如下：1.公示期限：2026年3月27日— 4月2日。2.异议反馈：公示期间，如对遴选结果有异议，请向教务处反馈。联系地址：主楼A406联系电话：010-58909686联系邮箱：jlpyk@cupl.edu.cn3.资格确认：本次拟选派结果一经确定，入选学生不得随意更改或放弃实习资格。若确因特殊原因需放弃派出资格，...,交流培养,https://jwc.cupl.edu.cn/jlpy1/tzgg/61.htm,2026-05-27T09:23:35+00:00,2026-07-29T00:12:01+00:00
9586d7000b6f7f02,关于2025-2026学年夏季学期本科课程安排工作的通知,2026-03-26,https://jwc.cupl.edu.cn/info/1061/13988.htm,各教学单位：教务处于第四周启动2025-2026学年夏季学期本科生课程排课工作。现将具体工作通知如下：一、教学时间及教学模式安排2025-2026学年夏季学期时间为2025年7月6-31日。所有本科课程均为线下授课，部分国际教师开设的国际课程根据实际情况可线上讲授。二、课程设置2025-2026学年夏季学期开设课程的范围主要为：国际课程、创新创业课程、通识选修课、部分专业选修课。国际课程的开设要求、申请时间、申请流程等以教务处交流培养科发布的相关通知为准。...,教务管理,https://jwc.cupl.edu.cn/jwgl1/tzgg/44.htm,2026-05-27T09:23:32+00:00,2026-07-29T00:12:01+00:00
2b3d1fffe8172cf6,关于2025级本科生转专业有关工作安排的通知,2026-03-26,https://jwc.cupl.edu.cn/info/1042/14018.htm,各学院：根据《中国政法大学本科生转专业实施办法》的规定，2025级本科生转专业工作将在教学管理系统中进行，请各学院配合做好相关工作。本次转专业工作进度安排如下： 3月26日教务处公布各专业可转出和接收学生名额（见附件1）；3月27日至4月1日学生通过教学管理系统进行报名；4月2日至3日转出学院通过教学管理系统对学生报名情况进行审核；4月7日至9日转出学院将申请转出的学生名单在院内进行公示；4月10日至23日接收学院通过教学管理系统获取申请转入学生名单，...,学籍管理,https://jwc.cupl.edu.cn/xjgl1/tzgg.htm,2026-05-27T09:23:32+00:00,2026-07-29T00:12:01+00:00
f9c1bf9dd9a3abfe,关于启动2026年本科秋季学期赴国（境）外交换生项目（第二批）的通知,2026-03-25,https://jwc.cupl.edu.cn/info/1122/13958.htm,各位同学：为切实贯彻落实学校国际化发展战略，全面提升人才培养质量，推动学校“双一流”建设，我校将启动2026年本科秋季学期赴国（境）外交换生项目（第二批）遴选工作，具体通知如下：一、项目合作院校序号国家/地区院校备注1瑞典斯德哥尔摩大学报名截止时间为3月29日2美国圣路易斯华盛顿大学报名截止时间为3月29日3芬兰图尔库大学报名截止时间为3月29日4美国加州大学伯克利分校（自费）5西班牙卡米亚斯大主教大学6西班牙马德里自治大学7俄罗斯莫斯科国立库塔芬法律大学8巴西FGV圣保罗法学院9巴西FGV里约法学院10罗马尼亚布加勒斯特大学11挪威卑尔根大学12澳大利亚格里菲斯大学13冰岛阿库雷里大学（...,交流培养,https://jwc.cupl.edu.cn/jlpy1/tzgg/60.htm,2026-05-27T09:23:35+00:00,2026-06-13T01:36:01+00:00
2c75e5c94ff3846a,关于2025-2026学年春季学期第一批网络课程修读事宜的通知,2026-03-24,https://jwc.cupl.edu.cn/info/1061/13838.htm,为推动网络课程改革，本学期网络课程选课分为两个批次，第一批为通识必修课、本校教师开设的网络课程；第二批为尔雅课（通识选修课）。根据教学工作安排，2025-2026学年春季学期第一批网络课程选课即将开始，现将相关选课事宜通知如下：一、第一批课程范围 二、第一批选课事宜（一）选课时间及相关说明 2026年3月25日（第四周周三）9:00—3月29日（第四周周日）9:00选课。学生须用自己的学号和密码登录教学管理系统进行选课，选课结束后，...,教务管理,https://jwc.cupl.edu.cn/jwgl1/tzgg/44.htm,2026-05-27T09:23:32+00:00,2026-07-29T00:12:01+00:00
b78cc873f8a06576,关于启用退学离校系统的通知,2026-03-23,https://jwc.cupl.edu.cn/info/1042/13798.htm,各位同学：为进一步优化学生事务办理流程，提高服务效率，缩短学生退学离校手续办理时长，学校自3月23日起启用退学离校系统。申请退学的学生可通过企业微信在线提交退学离校相关材料，实时查看办理进度，线上进行各部门审核，完成退学离校手续。现将相关事项通知如下：一、适用范围我校普通全日制本科生和第二学士学位学生。二、办理时间自3月23日0时起，我校退学离校系统正式启用。截止至3月23日仍未开始线下办理退学离校流程的学生，...,学籍管理,https://jwc.cupl.edu.cn/xjgl1/tzgg.htm,2026-05-27T09:23:32+00:00,2026-07-29T00:12:01+00:00
be17e120c771f5cf,关于2026年本科生双专业双学位、辅修注销相关工作的通知,2026-03-20,https://jwc.cupl.edu.cn/info/1061/13768.htm,根据学校工作安排，自第四周起将进行本科生双专业双学位、辅修注销相关工作。请各学院依据《中国政法大学双专业双学位人才培养模式实施办法》和《中国政法大学本科生辅修专业管理办法》组织落实。现将相关事宜通知如下：一、申请学生范围1.2021级准备终止双专业双学位学习的学生；2.2022级准备终止辅修学习的学生。二、工作流程及时间表注销由学生本人自行登录教学管理系统提交申请，教务处审批。三、特别注意事项学生提交注销申请时，...,教务管理,https://jwc.cupl.edu.cn/jwgl1/tzgg/44.htm,2026-05-27T09:23:32+00:00,2026-06-13T01:36:01+00:00
583ff7c8a3baa509,关于批准我校2026年本科教育教学改革立项项目的通知,2026-03-19,https://jwc.cupl.edu.cn/info/1305/13738.htm,各学院、部、所、中心、机关单位：根据《中国政法大学本科教育教学改革研究项目管理办法》（法大发〔2020〕30号）和教务处《关于开展2026年校级教育教学改革项目立项工作的通知》，经项目负责人申请、各院部等单位推荐、校外专家评审、本科教学指导委员会审议，学校决定批准以下项目立项（名单见附件），项目经费将另行拨付。项目研究期限一年。各项目负责人应根据项目研究计划，及时开展研究，确保研究项目按时完成。各院、部要继续开展院部级教学改革立项和评选工作，...,教学研究,https://jwc.cupl.edu.cn/jxyj1/tzgg.htm,2026-05-27T09:23:33+00:00,2026-07-29T00:12:01+00:00
4602a153513761e6,关于公布2025年立项的大学生创新训练计划项目结项评审结果的通知（校教字[2026]第005号）,2026-03-19,https://jwc.cupl.edu.cn/info/1084/13688.htm,各学院及各项目团队：学校近期对2025年立项的大学生创新训练计划项目开展了结项评审工作。现将评审结果公布如下。101个立项项目参加了结项答辩。参加答辩的项目全部评审“通过”，其中5项为“优秀”（见附件）。附件：2025年立项的大学生创新训练计划项目结项评审结果教 务 处二〇二六年三月十九日,实践教学,https://jwc.cupl.edu.cn/sjjx1/tzgg/71.htm,2026-05-27T09:23:33+00:00,2026-05-27T09:23:35+00:00
b442bbd89398c128,关于第二十一期雅思/托福公益培训班开课报名的通知,2026-03-18,https://jwc.cupl.edu.cn/info/1122/13658.htm,为满足国家亟需专业及学科领域对高素质国际化人才的培养需求，深入推进涉外法治人才培养，切实提升学生的外语水平和应试能力，并为更多勤奋进取的学生创造平等学习与发展的机会，本学期教务处将继续举办第二十一期“本科生国（境）外交流支持项目”雅思/托福公益培训班。同时，学校将为符合条件的家庭经济困难学生提供一次雅思或托福考试经费资助。一、课程简介 1.课程内容：雅思、托福考试相关课程； 2.授课老师：由教务处公开招募遴选，...,交流培养,https://jwc.cupl.edu.cn/jlpy1/tzgg/60.htm,2026-05-27T09:23:35+00:00,2026-06-13T01:36:01+00:00
4bf7ce4645bf3a49,关于公布首批微专业建设项目的通知,2026-03-17,https://jwc.cupl.edu.cn/info/1305/13568.htm,各教学单位：为适应新时代高等教育发展及社会对复合型人才的迫切需求，推动学科交叉融合，提升学生综合素质与就业竞争力，根据《教育部办公厅关于实施高校学生就业能力提升“双千”计划的通知》《中国政法大学微专业建设与管理办法（试行）》及相关文件精神，学校组织开展了首批微专业建设项目申报与评选工作。现公布我校首批微专业建设项目名单：序号项目名称所在单位1文化遗产保护国际法学院2信访与治理心理学社会学院3公务素养与政策分析政治与公共管理学院4智慧司法证据科学研究院5人工智能法治信息管理学院6法治传播光明新闻传播学院7采购与招投标管理商学院教务处2026年3月17日...,教学研究,https://jwc.cupl.edu.cn/jxyj1/tzgg.htm,2026-05-27T09:23:33+00:00,2026-07-29T00:12:01+00:00
726caf01ee76521c,关于申请2026年赴香港律政司实习项目的通知,2026-03-17,https://jwc.cupl.edu.cn/info/1122/13628.htm,"各位同学：学校将于2026年暑期继续选派优秀本科生赴香港律政司实习，为期三周。该项目申请工作现已启动，具体通知如下：一、实习单位及岗位介绍香港律政司专责香港特别行政区政府的法律事务，包括向政府其他政策局和部门提供法律意见、在法律程序中代表政府、草拟政府条例草案、作出检控决定，以及推广法治。实习岗位为律政司的五个律政分科, 包括民事法律科、刑事检控科、国际法律科、宪制及政策事务科、法律草拟科及律政司司长办公室其中任一科室。...",交流培养,https://jwc.cupl.edu.cn/jlpy1/tzgg/60.htm,2026-05-27T09:23:35+00:00,2026-05-27T09:23:35+00:00
85e64cae76c4c9cc,【转】第十五届全国法律英语大赛一号通知暨邀请函,2026-03-16,https://jwc.cupl.edu.cn/info/1305/13538.htm,全国法律英语大赛凭借鲜明的思想性、突出的实践性和广泛的社会关注度，深受高校师生与法律实务界的认可和好评。为进一步激发高校学生法律英语学习热情，提升法律从业者涉外法务专业能力，促进中外法治文化交流融通，助力国家涉外法治人才队伍建设，第十五届全国法律英语大赛决赛拟于 2026 年 5 月 30 日（星期六）在北京举行。本届大赛由中国政法大学外国语学院、北京市律师协会、盈科律师事务所、中国译协涉外法治翻译与传播专业委员会、...,教学研究,https://jwc.cupl.edu.cn/jxyj1/tzgg/12.htm,2026-05-27T09:23:33+00:00,2026-07-29T00:12:01+00:00
ee6804400b928790,关于2026年上半年全国大学英语四、六级考试报名工作的通知,2026-03-12,https://jwc.cupl.edu.cn/info/1075/13388.htm,根据教育部教育考试院统一部署和北京教育考试院的相关要求，2026年上半年全国大学英语四、六级考试口试（以下简称CET-SET）和笔试（以下简称CET）将于5月23-24日和6月13日举行。本次考试使用全国大学英语四六级考试网上报名系统进行报名，现将报名相关工作通知如下。一、时间安排及开考科目（一）报名时间及报名网站报名时间：3月16日8:00—4月2日17:00报名网站：全国大学英语四、六级考试报名系统（以下简称报名系统）（cet-bm.neea....,考务管理,https://jwc.cupl.edu.cn/kwgl1/tzgg.htm,2026-05-27T09:23:33+00:00,2026-07-29T00:12:01+00:00
6a5e47b9c2770783,关于开展2025-2026学年春季学期本科课堂教学质量评价（教师评价）工作的通知,2026-03-09,https://jwc.cupl.edu.cn/info/1104/13298.htm,为深入贯彻“立德树人、德法兼修”的育人理念，全面落实学校本科教育教学高质量发展要求，不断强化质量意识，充分发挥同行专家、教学管理人员和教学督导在教学评价、教学改进和质量提升中的积极作用，推动教师持续优化教学方法、提升教学水平，更好地实现人才培养目标，现依据《中国政法大学本科课堂教学质量评价实施办法》（法大发〔2017〕141号），组织开展课堂教学质量评价（教师评价）工作。一、教师评价时间与要求教师评价（同行专家、...,质量监控,https://jwc.cupl.edu.cn/zljk1/tzgg.htm,2026-05-27T09:23:34+00:00,2026-06-13T01:36:01+00:00
35449ff8fb2c5a7d,关于中国政法大学教师教学创新大赛现场评审的通知,2026-03-04,https://jwc.cupl.edu.cn/info/1061/13138.htm,各参赛教师（团队）：根据2026年3月3日发布的《关于举办中国政法大学教师教学创新大赛的通知》，现将校赛现场评审阶段的相关事项通知如下：一、现场评审安排组别时间地点正高组3月10日14：00昌平校区格物112副高组3月10日14：00昌平校区格物115中级及以下组3月10日14：00昌平校区格物116二、参赛范围及要求进入现场评审阶段的教师范围确定后，名单将通过教师所在教学单位通知。3月10日10点前，各组参赛教师将现场评审教师（团队）的教学设计创新汇报课件交至各组评审秘书，...,教务管理,https://jwc.cupl.edu.cn/jwgl1/tzgg/44.htm,2026-05-27T09:23:32+00:00,2026-06-13T01:36:01+00:00
0ae997e497b9d410,关于举办中国政法大学教师教学创新大赛的通知,2026-03-03,https://jwc.cupl.edu.cn/info/1061/13078.htm,各本科教学单位：为进一步推进教育强国建设与高等教育高质量发展，落实立德树人根本任务，大力弘扬教育家精神，打造高校教学改革的风向标，北京市教委举办“第六届北京高校教师教学创新大赛”。为提升我校教师教书育人能力和人才自主培养质量，学校将举办中国政法大学教师教学创新大赛（以下简称大赛），现将有关事项通知如下：一、大赛主题及目标主题：推动教学创新 培养一流人才目标：紧扣教育强国建设目标，深入推动高等教育教学改革，...,教务管理,https://jwc.cupl.edu.cn/jwgl1/tzgg/44.htm,2026-05-27T09:23:32+00:00,2026-06-13T01:36:01+00:00
3768110268a02fbd,2025-2026学年春季学期本科生教材购买信息,2026-03-02,https://jwc.cupl.edu.cn/info/1094/13938.htm,各教学院、部：新学期伊始，为方便校内师生购买上课所用教材，请有购买意向的同学到军都服务楼法大书店购买。教材购买以自主、自愿为原则。如有疑问请致电010-58909553。,教材建设,https://jwc.cupl.edu.cn/jcjs1/tzgg.htm,2026-05-27T09:23:34+00:00,2026-07-29T00:12:01+00:00
9fdbe02ba5839dae,关于2025-2026学年春季学期本科生自修相关工作的通知,2026-03-01,https://jwc.cupl.edu.cn/info/1061/13008.htm,根据学校工作安排，本科生自修工作即将开始。现将相关事宜通知如下：一、申请与审批（一）申请条件根据《中国政法大学本科学分制管理办法》规定，学生修读以下课程的，经本人申请并由教务处批准后，可以自修：1.与必修课程修读时间冲突的重修课程；2.经批准的缓考课程；3.经学校遴选程序派出的国（境）外交流学生的必修课程。（二）具体流程1.学生网上申请学生网上申请时间：第一周周二（3月3日）12:40——第一周周四（3月5日）16:00。...,教务管理,https://jwc.cupl.edu.cn/jwgl1/tzgg/44.htm,2026-05-27T09:23:32+00:00,2026-06-12T01:41:47+00:00
2c15587faf797c87,关于组织开展普通高等教育本科国家级规划教材推荐工作的通知,2026-01-11,https://jwc.cupl.edu.cn/info/1094/12756.htm,各教学科研单位：为深入贯彻党的二十大和二十届历次全会精神，全面落实党的教育方针，加强教材建设与管理，发挥优质教材的示范推广作用，根据《“十四五”普通高等教育本科国家级规划教材建设实施方案》（教高厅〔2023〕1号）、《教育部办公厅关于开展普通高等教育本科国家级规划教材推荐工作的通知》（教高厅函〔2025〕20号），决定继续开展普通高等教育本科国家级规划教材推荐工作。现将有关事项通知如下。一、推荐数量及范...,教材建设,https://jwc.cupl.edu.cn/jcjs1/tzgg.htm,2026-05-27T09:23:34+00:00,2026-07-29T00:12:01+00:00
3c47cf3a855540b2,关于本科生、第二学士学位学生2026年春季报到、注册的通知,2026-01-09,https://jwc.cupl.edu.cn/info/1042/12798.htm,根据校历安排，2026年春季学期定于2026年3月2日正式上课。现将有关统一报到、注册事宜通知如下：一、报到、注册时间时间：2026年2月28日至3月1日9:00－16:00。二、报到、注册程序学生到校后登录微信企业号按照流程进行报到注册，具体操作手册详见附件。三、注意事项1.各学院应向学生准确传达放假时间，并进行安全教育，提高学生的安全意识，同时对假期不回家同学的情况进行详细调查、备案，及时发现安全隐患，防止出现安全事故...,学籍管理,https://jwc.cupl.edu.cn/xjgl1/tzgg.htm,2026-05-27T09:23:32+00:00,2026-07-29T00:12:01+00:00
fbb2416f20bc24c8,关于举办“2025年教务处数智化工作总结大会”的通知,2026-01-04,https://jwc.cupl.edu.cn/info/1061/12721.htm,各位老师：为推动本科教育教学智慧化发展，总结2025年数智化教学成效，教务处举办“让智慧发生在本科课堂——中国政法大学2025年本科教学数智化总结大会”，现邀请各位老师参会，一同见证2025年本科教学数智化的建设情况与进展，相关事宜如下：一、大会时间及地点时间：1月8日（周四）9:00-11:00地点：昌平校区学生活动中心三层学术报告厅二、会议内容总结2025年本科教育教学数智化举措及成果，展望学校未来教育数智化变革方向...,教务管理,https://jwc.cupl.edu.cn/jwgl1/tzgg/43.htm,2026-05-27T09:23:32+00:00,2026-06-09T00:17:14+00:00
d6bee361ad124b64,2026春派出交流生说明会及发放报到材料的通知,2025-12-31,https://jwc.cupl.edu.cn/info/1113/12714.htm,​2026年春季学期国内名校交流派出交流同学：2026年1月4日（周日）上午10:00-11:00召开2026年春季学期国内名校派出交流同学说明会。会议地点在端313。会议着重讲解交流的有关事宜以及大家关心的学分认定规则和程序。会后发放交流学校的学生证、报到须知等材料。请各位境内名校派出交流同学按时到会不误，已经离校的同学可以请人带领材料。望周知。未尽事宜，请与教务处服务中心联系，办公地点：厚德楼305。联系电话：58909556，...,教学服务,https://jwc.cupl.edu.cn/jxfw1/tzgg.htm,2026-05-27T09:23:34+00:00,2026-07-29T00:12:01+00:00
f84c604144016ed3,关于期末考试期间开放有声自习教室的通知,2025-12-29,https://jwc.cupl.edu.cn/info/1113/12709.htm,各学院各年级同学：期末考试阶段天气比较寒冷，同学们复习备考任务较重。部分同学希望继续保留端升楼、明法楼、致公楼有声教室。此时正值考试周，考场安排较为密集，不便在考场临近的教室安排有声教室。经排除考场考试安排，12月26日至1月8日选定逸夫楼1012每天8：00-22:00全天开放（考试时间外）。12月30日至1月8日新增格物楼411、413、415三间教室8：00-21:00全天开放。以上教室均作为期末考试期间背书教室。祝大家考试顺利！...,教学服务,https://jwc.cupl.edu.cn/jxfw1/tzgg.htm,2026-05-27T09:23:34+00:00,2026-07-29T00:12:01+00:00
bdb2f169f166095f,关于教育部学生服务与素质发展中心设立大中小学劳动教育研究项目的通知,2025-12-26,https://jwc.cupl.edu.cn/info/1305/12696.htm,各学院、教学部：为深入贯彻党的二十届四中全会精神、全国教育大会精神和习近平总书记关于教育的重要论述，贯彻落实《教育强国建设规划纲要（2024—2035年）》有关要求，健全德智体美劳全面培养体系，切实加强新时代劳动教育，教育部学生服务与素质发展中心决定设立大中小学劳动教育研究项目。现就申报有关事项通知如下：一、总体目标以习近平新时代中国特色社会主义思想为指导，深入贯彻党的二十届四中全会和全国教育大会精神...,教学研究,https://jwc.cupl.edu.cn/jxyj1/tzgg/12.htm,2026-05-27T09:23:33+00:00,2026-07-29T00:12:01+00:00
a050ed9b0d3181d6,关于开展2026年校级教育教学改革项目立项的通知,2025-12-25,https://jwc.cupl.edu.cn/info/1305/12692.htm,各学院、教学部：根据《中国政法大学本科教育教学改革研究项目管理办法》（法大发〔2020〕30号），学校决定开展2026年校级教育教学改革项目立项工作，现将有关事项通知如下：一、立项范围校级教学改革项目的内容和范围分五大类：即学校总体教学改革类、各学科专业教学改革类、课程建设类、教学管理类和学校总体系列研究类。主要涵盖本科教学在人才培养模式、专业建设、课程建设、实践教学、教学内容、教学方法、教材建设、教学...,教学研究,https://jwc.cupl.edu.cn/jxyj1/tzgg/12.htm,2026-05-27T09:23:33+00:00,2026-07-29T00:12:01+00:00
cc355dfddd7a1254,关于组织申报2025年新设通识选修课程的通知,2025-12-19,https://jwc.cupl.edu.cn/info/1305/12668.htm,各院、部、所、中心：按照学校通识教育委员会相关工作部署，现面向全校组织开展新设通识选修课程的申报工作。一、新设通识选修课申请（一）基本原则新开设的通识选修课程应当本着以下原则进行： 1、新开设通识选修课应注重写作、推理、思辨、沟通等方面能力训练，提高学生综合素质。2、鼓励跨专业复合型培养，拓宽学生知识面。 3、鼓励实务技能导向型课程，促进学生理论与实际相结合，提升解决实际问题的能力。 4、鼓励融入对...,教学研究,https://jwc.cupl.edu.cn/jxyj1/tzgg/12.htm,2026-05-27T09:23:33+00:00,2026-07-29T00:12:01+00:00
754f2e5eb9e6f820,关于2025-2026学年春季学期部分课程停开的通知,2025-12-16,https://jwc.cupl.edu.cn/info/1061/12653.htm,各位同学:2025-2026学年春季学期选课正选阶段已经结束，针对部分课程选课人数不足等情况，经与开课单位、任课教师协调沟通后，以下课程停开： 序号课程序号课程名称开课单位1108010473.28学术英语（二）外国语学院2302040014.07民事诉讼法学民商经济法学院3303020013.03国际私法国际法学院/涉外法治学院4303032023.04国际经济法国际法学院/涉外法治学院5401030072.01宪法学案例研习法学院6401040062.01行政法案例研习法学院7401...,教务管理,https://jwc.cupl.edu.cn/jwgl1/tzgg/43.htm,2026-05-27T09:23:32+00:00,2026-05-27T09:23:35+00:00
7c4729f51a1925af,关于开展2025年秋季学期学历学位授予申请的通知,2025-12-12,https://jwc.cupl.edu.cn/info/1042/12641.htm,​依据学校工作安排，现开展2025年秋季学期本科生毕业证、学位证申领工作，具体安排如下：一、申请范围2025届以及往届本科、第二学士学位毕业生中，未取得毕业证书且已达到毕业证、学位证授予要求的同学。二、申请流程（一）毕业审核结果确认学生在满足毕业、学位授予条件后，可自行登录教学管理系统查询毕业审核、学位审核结果，如显示为“附条件毕业”“未审核”/“未通过”“未审核”任意一项的，则联系教务处考务科咨询审核...,学籍管理,https://jwc.cupl.edu.cn/xjgl1/tzgg/17.htm,2026-05-27T09:23:32+00:00,2026-07-29T00:12:01+00:00
3b66d1afe0ac733e,关于启动2025-2026学年秋季学期期末考试监考报名工作的通知,2025-12-05,https://jwc.cupl.edu.cn/info/1075/12628.htm,本学期期末考试定于2025年12月22日-2026年1月8日进行，欢迎全校教职员工积极参加期末考试监考工作。本科生课程开设院部、考生所在学院应积极配合教务处完成监考工作；任课教师须参加所授课程的监考工作，由教务处直接安排，无须另行报名。一、报名时间即日起-2026年1月8日。二、报名条件监考人员原则上应为学校正式在编在职或聘用人员（签订劳动合同），须熟知中国政法大学监考守则，并以高度负责的精神做好考场的监督检查工作...,考务管理,https://jwc.cupl.edu.cn/kwgl1/tzgg/14.htm,2026-05-27T09:23:33+00:00,2026-07-29T00:12:01+00:00
180a5cf79ead62b6,关于开展2025-2026学年春季学期本科教材选用工作的通知,2025-12-03,https://jwc.cupl.edu.cn/info/1094/12618.htm,各教学科研单位：根据《普通高等学校教材管理办法》《中国政法大学本科教材选用管理办法》《中国政法大学境外教材选用管理办法》等文件规定，加强学校教材管理，严格规范教材选用，学校在教材工作委员会指导下组织开展2025-2026学年春季学期本科教材选用工作，现将有关事项通知如下：一、工作原则（一）坚持凡选必审原则。选用教材必须经过审核。未经审查批准程序和未按规定审查批准的教材不得选用。（二）严格执行“马工程”重...,教材建设,https://jwc.cupl.edu.cn/jcjs1/tzgg.htm,2026-05-27T09:23:34+00:00,2026-07-29T00:12:01+00:00
4674ef59cea27bbb,关于2025年下半年全国大学英语四、六级考试工作的通知,2025-12-02,https://jwc.cupl.edu.cn/info/1075/12614.htm,窗体顶端各相关单位：根据北京教育考试院要求，2025年下半年全国大学英语四、六级考试（以下简称CET）定于12月13日（星期六）举行。四级考试时间：9:00-11:20；六级考试时间：15:00-17:25。请各有关部门高度重视，周密安排，各工作人员认真履行职责，保证考试顺利进行。现将具体工作安排通知如下：一、考生须知（一）准考证打印准考证由考生自行上网打印，考生可在12月5日9:00以后登录全国大学英语四六级考试网上报名系统（http...,考务管理,https://jwc.cupl.edu.cn/kwgl1/tzgg/14.htm,2026-05-27T09:23:33+00:00,2026-07-29T00:12:01+00:00
c33721f286a21ac0,关于各基层教学组织报送活动开展计划（2025年12月1日-12月31日）的通知,2025-12-01,https://jwc.cupl.edu.cn/info/1305/12603.htm,各学院、教学部：根据《中国政法大学基层教学组织规程》（法大发〔2014〕57号）第五条有关研究所、教研室职责的规定，各基层教学组织应当每两周至少组织一次集体业务学习、交流或教学观摩活动，每学期至少组织一次学术研讨会，举办一次学术讲座，不断提升教学科研工作水平，保障和提高教学质量。请各基层教学组织填写2025年12月1日-12月31日活动开展计划表（见附件），经所属学院、教学部盖章后，于2025年12月12日前交至教务处...,教学研究,https://jwc.cupl.edu.cn/jxyj1/tzgg/12.htm,2026-05-27T09:23:33+00:00,2026-07-29T00:12:01+00:00
9c2fa5b034616011,关于开展2025-2026学年春季学期教学助理工作的通知,2025-12-01,https://jwc.cupl.edu.cn/info/1113/12608.htm,各教学单位：为保障2025-2026学年春季学期学校教学助理工作的顺利开展，根据《中国政法大学教学助理制实施办法》（法大发〔2011〕104号），将相关工作通知如下：一、主要内容2025-2026学年春季学期学校教学助理工作主要内容包括：1.各学院组织任课老师根据2025-2026学年春季学期课表设置教学助理岗位。2.在校全日制硕士、博士研究生依据教学助理聘任条件申请教学助理工作。3.任课教师及学院审核、复核教学助理申请。4.教学助理...,教学服务,https://jwc.cupl.edu.cn/jxfw1/tzgg/9.htm,2026-05-27T09:23:34+00:00,2026-07-29T00:12:01+00:00
8ecb6cf7df27709c,关于公布2025级“法学学术精英人才培养实验班”录取名单的通知,2025-11-27,https://jwc.cupl.edu.cn/info/1305/12586.htm,各位同学：经过笔试和面试选拔并公示拟录取名单后，现公布2025级“法学学术精英人才培养实验班”（以下简称“学术班”）录取学生名单。学术班学生学籍保持不变，但需按要求完成单独培养方案。学院学号姓名民商经济法学院25****048周润民商经济法学院25****122张梓莹民商经济法学院25****146林子硕民商经济法学院25****191陈钰骐民商经济法学院25****313符天昊民商经济法学院25****363王睿泽民商经济法学院25****473王焓霏民商经...,教学研究,https://jwc.cupl.edu.cn/jxyj1/tzgg/12.htm,2026-05-27T09:23:33+00:00,2026-07-29T00:12:01+00:00
f63850a9a8fb59b9,关于2025－2026学年秋季学期停止借用教室的通知,2025-11-21,https://jwc.cupl.edu.cn/info/1113/12560.htm,根据《中国政法大学教室使用管理办法》（校教字[2016]第076号）的规定，本学期自第十四周周一（12月1日）起，停止学生社团、班会活动借用教室。全校社团活动及各学院班会，请12月1日以前进行。12月1日以后需要补课、考试、召开诚信考试会议、学院统一安排的党团组织活动，可以申请使用教室。 教务处 2025年11月20,教学服务,https://jwc.cupl.edu.cn/jxfw1/tzgg/9.htm,2026-05-27T09:23:34+00:00,2026-07-29T00:12:01+00:00
1c902c02ad9cf2ba,关于开展2025级中国政法大学涉外法治人才协同培养创新基地班选拔面试考试说明,2025-11-20,https://jwc.cupl.edu.cn/info/1305/12555.htm,各位报考中国政法大学涉外法治人才协同培养创新基地班的2025级学生：根据中国政法大学涉外法治人才协同培养创新基地班建设工作安排，现开展面试选拔工作，经笔试考核，入面具体名单详见附件。面试具体安排：方向详情涉外立法执法司法方向2025年11月22日（周六）上午8点30分，面试地点：逸夫楼3038，候场教室：逸夫楼1029。请同学携带一卡通于11月22日上午8点（面试正式开始前30分钟）至逸夫楼1029签到抽签，签到抽签后请到候考...,教学研究,https://jwc.cupl.edu.cn/jxyj1/tzgg/12.htm,2026-05-27T09:23:33+00:00,2026-07-29T00:12:01+00:00
7dd26617719adb6c,关于开展2025级“法学学术精英人才培养实验班”面试工作的通知,2025-11-20,https://jwc.cupl.edu.cn/info/1305/12546.htm,各位报考“法学学术精英人才培养实验班”的2025级学生： 根据我校“法学学术精英人才培养实验班”建设工作安排，兹定于2025年11月23日（星期日）9：00—12:00（结束时间为预计）在“腾讯会议”进行2025级“法学学术精英人才培养实验班”面试，请以下通过笔试的同学登录“学习通APP”查看面试详细通知，具体进入面试人员名单见下表：所在学院学号/工学生姓名民商经济法学院25****013单鹭壹民商经济法学院25****016李飞霏民商经...,教学研究,https://jwc.cupl.edu.cn/jxyj1/tzgg/12.htm,2026-05-27T09:23:33+00:00,2026-07-29T00:12:01+00:00
e96ebd03e4ab64e9,关于2025年下半年全国大学英语四六级口试安排的通知,2025-11-17,https://jwc.cupl.edu.cn/info/1075/12527.htm,​2025年下半年全国大学英语四、六级口语考试（CET-SET）将于11月22日、23日举行。现将具体工作安排发布如下：一、考试时间级别日期场次时间CET-SET411月22日第一场8:30-9:00CET-SET611月23日第一场8:30-9:00第二场9:15-9:45二、候考安排考生须按照候考安排，按考试场次及时间到达候考室进行签到，并在监考老师的带领下统一到达考场。考场与候考室对应表及候考场次签到时间级别场次考场候考室签到时间CET-SET4第一场致404致3047...,考务管理,https://jwc.cupl.edu.cn/kwgl1/tzgg/14.htm,2026-05-27T09:23:33+00:00,2026-07-29T00:12:01+00:00
4ec8d80276c5a45f,关于开展2025级“法学学术精英人才培养实验班”选拔笔试考试说明,2025-11-13,https://jwc.cupl.edu.cn/info/1305/12521.htm,各位报考“法学学术精英人才培养实验班”的2025级学生：根据我校“法学学术精英人才培养实验班”建设工作安排，现开展2025级法学学术精英人才培养实验班选拔笔试工作，经初步审核，具体名单详见附件。更多考试具体要求，请登录“超星学习通PC端”或“学习通APP”，点击置入课程“2025级学术班笔试选拔”查看课程通知,教学研究,https://jwc.cupl.edu.cn/jxyj1/tzgg/12.htm,2026-05-27T09:23:33+00:00,2026-06-13T01:36:01+00:00
c22d7a9d2d24ff5a,关于组织申报2025年北京高校“优质本科基本教学资源”的通知,2025-11-11,https://jwc.cupl.edu.cn/info/1094/12493.htm,为深入贯彻党的二十大关于加快建设教育强国的战略部署，落实《教育强国建设规划纲要(2024—2035年)》相关要求，根据《北京市教育委员会关于开展2025年北京高校“优质本科基本教学资源”建设的通知》（京教函〔2025〕607号），教务处组织开展申报工作。具体安排如下：一、建设目标 遴选建设一批能够服务国家和首都发展战略、服务自主知识体系构建和新质生产力发展，推进新工科、新医科、新农科、新文科建设，影响范围广、师生...,教材建设,https://jwc.cupl.edu.cn/jcjs1/tzgg/12.htm,2026-05-27T09:23:34+00:00,2026-07-29T00:12:01+00:00
06c673eceee70e8e,关于组织申报2025年北京高等教育“本科教学改革创新项目”的通知,2025-11-11,https://jwc.cupl.edu.cn/info/1305/12498.htm,各二级单位：为贯彻《教育强国建设规划纲要(2024—2035年)》，进一步深化新时代高等教育评价改革，提升高等教育治理能力及水平，根据《北京市教育委员会关于开展2025年北京高等教育 “本科教学改革创新项目”建设工作的通知》(京教函〔2025〕610号)精神，教务处组织开展申报工作，有关事项通知如下：一、 建设目标紧密对接国家重大战略部署和北京市经济社会发展需求，充分发挥各高校的办学优势与学科特色，坚持以立德树人为根本...,教学研究,https://jwc.cupl.edu.cn/jxyj1/tzgg/12.htm,2026-05-27T09:23:33+00:00,2026-06-09T00:17:14+00:00
c56352a6b81d7191,关于组织申报2025年北京高校优秀教学创新示范案例的通知,2025-11-11,https://jwc.cupl.edu.cn/info/1305/12495.htm,各二级单位：为深入贯彻党的二十大关于加快建设教育强国的战略部署，落实《教育强国建设规划纲要(2024—2035年)》相关要求，巩固人才培养中心地位，深化教育教学改革，强化实践教学，市教委决定开展2025年北京高校优秀教学创新示范案例建设工作。现将有关事项通知如下：一、建设范围案例类型分为教学管理类、教学保障类、实验指导类、竞赛指导类四类。申报案例应围绕上述类型，聚焦本科教学中的创新举措与典型经验。二、申报条...,教学研究,https://jwc.cupl.edu.cn/jxyj1/tzgg/12.htm,2026-05-27T09:23:33+00:00,2026-06-09T00:17:14+00:00
cb06007b04c8710d,关于组织申报2025年北京高校优秀基层教学组织的通知,2025-11-11,https://jwc.cupl.edu.cn/info/1305/12502.htm,"各基层教学组织：为深入贯彻党的二十大关于加快建设教育强国的战略部署，落实《教育强国建设规划纲要(2024—2035年)》相关要求，巩固人才培养中心地位，加强高校基层教学组织建设，提升教师教学能力,根据《北京市教育委员会关于开展2025年北京高校优秀基层教学组织建设工作的通知》（京教函〔2025〕608号）教务处组织开展申报工作，有关事项通知如下：一、建设范围学校负责本科人才培养的研究所、教研室等基层教学组织。二、申...",教学研究,https://jwc.cupl.edu.cn/jxyj1/tzgg/12.htm,2026-05-27T09:23:33+00:00,2026-06-13T01:36:01+00:00
73e32e07415a0940,关于组织本科生参加2025-2026学年秋季学期课程考核的通知（校教字〔2025〕第033号）,2025-11-03,https://jwc.cupl.edu.cn/info/1075/12429.htm,各位同学：依照学校教学工作安排，2025-2026学年秋季学期本科生课程考核工作即将开始，现就考核方式、考试时间、考试要求、缓考办理、成绩复查等重点工作通知如下：一、考核方式本学期所有课程均采用线下方式进行考核。课程考核分为学校统一排考与开课单位自排考两种方式，具体以任课教师要求及通知为准。二、考试时间选修课考核原则上在第16周之前（含）进行，具体考试时间依照任课教师要求及通知确定。统一排考必修课程考试时...,考务管理,https://jwc.cupl.edu.cn/kwgl1/tzgg/14.htm,2026-05-27T09:23:33+00:00,2026-07-29T00:12:01+00:00
a476ef1740e9a451,关于组织各教学单位开展2025-2026学年秋季学期课程考核工作的通知（校教字〔2025〕第032号）,2025-11-03,https://jwc.cupl.edu.cn/info/1075/12427.htm,各教学单位：本学期课程考核工作应依据《中国政法大学本科生课程考核与成绩管理办法》规范开展，现对考核组织机构、考核方式、命题规范、试题提交、考核组织、试卷评阅、成绩管理、试卷回缴等关键环节进行规范，各教学单位课程考核工作小组应充分发挥领导作用，确保本学期课程考核工作顺利完成。一、考核组织机构各教学单位应当设立考核工作小组，由单位正职领导、分管教学领导、党委副书记、分团委书记、基层教学组织负责人、...,考务管理,https://jwc.cupl.edu.cn/kwgl1/tzgg/14.htm,2026-05-27T09:23:33+00:00,2026-07-29T00:12:01+00:00
84e293b21027671a,关于2025级本科、第二学士学位生学籍信息上网查询的通知,2025-10-31,https://jwc.cupl.edu.cn/info/1042/12413.htm,为了加强高等教育管理，规范高校办学行为，根据教育部和北京市教委有关通知要求，我校2025级新生学籍信息已经在学信网完成了电子注册，即日起2025级本科、第二学士学位生（含港澳台侨可登陆学信网（www.chsi.com.cn）注册账号并查询本人的电子注册信息。每位新生都要通过学信网查询是否有本人的学籍信息并逐一核对信息。​如发现信息错误或无本人信息，请尽快与教务处学籍管理科(地址：主楼A402，电话：58909126)联系。,学籍管理,https://jwc.cupl.edu.cn/xjgl1/tzgg/17.htm,2026-05-27T09:23:33+00:00,2026-07-29T00:12:01+00:00
d900dd2f8c357be0,关于开展2025-2026学年春季学期国内名校交换培养选派工作的通知,2025-10-30,https://jwc.cupl.edu.cn/info/1113/12409.htm,各学院：为充分利用国内名校优秀的教学资源，丰富本科生学习经历，提高人才培养质量，学校决定继续选派本科生到国内著名高校进行交换培养学习。根据学校与厦门大学、华东师范大学、中南大学交换培养协议和《中国政法大学与国内名校交换培养本科生实施办法（试行）》（中政大发[2005]116号），开展交换培养本科生选派工作，现将有关事项通知如下：交换培养模式在现有的四年制人才培养模式基础上实施。在交换学校学习的专业须为同...,教学服务,https://jwc.cupl.edu.cn/jxfw1/tzgg/9.htm,2026-05-27T09:23:34+00:00,2026-07-29T00:12:01+00:00
4f03f8067f63e84b,关于启动2025-2026学年秋季学期主辅修方案课程成绩转移工作的通知,2025-10-27,https://jwc.cupl.edu.cn/info/1075/12403.htm,依照学校工作安排，教务处将开始受理学生主辅修成绩转移申请工作，现将具体工作通知如下，请周知。一、开放范围及申请方式（一）修读辅修的2022级本科生学生自行登录教学管理系统，进入相应业务模块进行申请。（二）修读双专业双学位或辅修的2020、2021级本科生以上学生如有成绩转移需求，请发送邮件到jwckwk@cupl.edu.cn。邮件主题注明【主辅修成绩转移+姓名+学号】，在正文部分描述清楚问题，并附上手持一卡通照片（脸部与一...,考务管理,https://jwc.cupl.edu.cn/kwgl1/tzgg/14.htm,2026-05-27T09:23:33+00:00,2026-07-29T00:12:01+00:00
35eae39a67600dc8,关于开展第二批“中国政法大学涉外法治系列教材”遴选工作的通知,2025-10-24,https://jwc.cupl.edu.cn/info/1094/12391.htm,​各相关单位：为深入贯彻《教育强国建设规划纲要（2024—2035年）》等相关文件精神，学习贯彻习近平法治思想、全国教育大会精神和习近平总书记关于加快推进涉外法治人才培养工作的决策部署，推动涉外法治教材建设，根据学校涉外法治人才培养工作要求，现启动第二批“中国政法大学涉外法治系列教材”遴选工作。现将有关事项通知如下：一、总体要求以服务国家涉外法治战略为导向，突出思想性、科学性、创新性与实践性，打造一批...,教材建设,https://jwc.cupl.edu.cn/jcjs1/tzgg/12.htm,2026-05-27T09:23:34+00:00,2026-07-29T00:12:01+00:00
769c033f61fdfff8,关于试行有声自习教室的通知,2025-10-24,https://jwc.cupl.edu.cn/info/1113/12388.htm,​各学院各年级同学：秋冬临近，为了给大家创造更为舒适的学习环境，学校拟划定部分教室，试行“有声自习空间”。目前以教务处教室借用的方式试行，试行期间，在教室班牌公布有声教室借用信息。一、试行有声自习教室为端103、致103、明103。二、以上教室借用时间为10月27日（第9周周一）-12月19日（第16周周五）。有声读书时间分为固定与机动两种：1. 固定时间：每天7:00-8:00。2. 机动时间：以上时段外的其他时间，如教室无课...,教学服务,https://jwc.cupl.edu.cn/jxfw1/tzgg/9.htm,2026-05-27T09:23:34+00:00,2026-07-29T00:12:01+00:00
8ca0e43c95679b98,关于2026届本科生毕业审核预审相关工作的通知,2025-10-13,https://jwc.cupl.edu.cn/info/1075/12355.htm,​各学院：为帮助2026届毕业生了解自己的培养方案完成情况、及时修读未完成课程、顺利完成学业，学校自即日起开展2026届本科生毕业审核预审相关工作。现将相关事宜通知如下，请各学院认真落实。一、审核依据（一）各学院依据《中国政法大学本科培养方案》以及《中国政法大学本科学分制管理办法》规定，审核普通本科生、双专业双学位、第二学士学位毕业生培养方案额定学分的完成情况；依据《中国政法大学学位授予办法》审核以上...,考务管理,https://jwc.cupl.edu.cn/kwgl1/tzgg/14.htm,2026-05-27T09:23:33+00:00,2026-07-29T00:12:01+00:00
aafbe618b1d44918,关于2026届普通本科毕业生和第二学士学位毕业生学历、学位证书相片电子图像采集工作的通知,2025-10-09,https://jwc.cupl.edu.cn/info/1042/12318.htm,​各有关学院：根据教育部及北京市教委对高校毕业生学历、学位证书相片电子图像采集工作的有关要求，现将2026届毕业本科生和第二学士学位生电子图像采集工作具体安排如下：一、采集范围1.2022级本科生，2024级第二学士学位生，2021级双专业双学位生；2.推迟至2026年毕业的本科生；3.符合提前毕业条件并提出提前毕业申请，将于2026年毕业的2023级本科生。二、采集工作的时间和地点时间：2025年10月23日、24日8:00－16:00（中午12...,学籍管理,https://jwc.cupl.edu.cn/xjgl1/tzgg/17.htm,2026-05-27T09:23:33+00:00,2026-07-29T00:12:01+00:00
fe53c4851f68d1b6,关于发布2025-2026学年秋季学期学业预警结果的通知,2025-09-28,https://jwc.cupl.edu.cn/info/1075/12288.htm,各位同学：为使在校本科生及时了解本人培养方案完成情况，督促学生顺利完成学业，依据《中国政法大学学位授予办法》相关规定，教务处对截至到2025年9月28日的本科生成绩进行学业预警统计，对在校期间必修课成绩低于60分课程门次数、一学年内必修课成绩低于60分课程门次数、专业必修课程成绩低于70分的课程数量占比等学位授予条件进行统计，以修读情况达到不授予学位条件统计值的1/2为临界值进行预警。统计结果包括如下四种：1....,考务管理,https://jwc.cupl.edu.cn/kwgl1/tzgg/14.htm,2026-05-27T09:23:33+00:00,2026-07-29T00:12:01+00:00
00e0eceb2ea2c213,关于开展2025-2026学年本科教学观摩活动的通知,2025-09-16,https://jwc.cupl.edu.cn/info/1104/12191.htm,​各本科学院、教学部：为促进教师之间交流与互动，建立提升教师教学技能和教学水平的长效机制，学校决定开展2025-2026学年本科教学观摩活动。现将活动安排通知如下：一、活动宗旨秉承“示范 交流 提高”的宗旨，通过优秀教学观摩和教育教学专题研讨活动，展示优秀教师风采，强化质量意识，推动广大教师形成切磋技艺、交流经验、不断探索教育教学创新思路、提高教育教学水平的良好风气。二、活动内容及组织形式（一） 教学观摩...,质量监控,https://jwc.cupl.edu.cn/zljk1/tzgg.htm,2026-05-27T09:23:34+00:00,2026-06-13T01:36:01+00:00
0e7c77daa3f6106d,关于2025级本科生和第二学士学位生入学电子图像采集工作的通知,2025-09-11,https://jwc.cupl.edu.cn/info/1042/12169.htm,各有关学院：根据教育部及北京市教委对高校录取新生入学资格复查和学籍电子注册工作的有关要求，现将2025级本科生和第二学士学位生入学电子图像采集工作具体安排如下：一、采集范围2025级本科生和第二学士学位生。二、采集工作的时间和地点时间：2025年9月24日、25日、26日8:00－16:00（中午12:00－13：00不采集）地点：学生活动中心107室、110B室。三、采集工作具体时间安排 日期学院时间 9月24日民商经济法学院8：00-12：00...,学籍管理,https://jwc.cupl.edu.cn/xjgl1/tzgg/17.htm,2026-05-27T09:23:33+00:00,2026-07-29T00:12:01+00:00
c63e9cb5fb37fb62,关于2025年下半年全国大学英语四、六级考试报名工作的通知,2025-09-10,https://jwc.cupl.edu.cn/info/1075/12147.htm,​根据教育部教育考试院统一部署和北京教育考试院的相关要求，2025年下半年全国大学英语四、六级考试口试（以下简称CET-SET）和笔试（以下简称CET）将于11月22-23日和12月13日举行。本次考试使用网上自主报名，现将报名相关工作通知如下。一、时间安排及开考科目（一）报名时间及报名网站报名时间：9月18日9:00—9月26日17:00报名网站：全国大学英语四、六级考试报名系统（以下简称报名系统）（cet-bm.neea.edu.cn）（二）考试...,考务管理,https://jwc.cupl.edu.cn/kwgl1/tzgg/13.htm,2026-05-27T09:23:33+00:00,2026-05-27T09:23:35+00:00
de917c8fcc414e5a,关于本科生、第二学士学位学生2025年秋季报到、注册的通知,2025-07-22,https://jwc.cupl.edu.cn/info/1042/10709.htm,根据校历安排，2025年秋季学期定于2025年9月1日正式上课。现将有关统一报到、注册事宜通知如下：一、报到、注册时间时间：2025年8月30日至31日9:00－16:00。二、报到、注册程序学生到校后登录微信企业号按照流程进行报到注册，具体操作详见网信办后续通知。三、注意事项1.各学院应向学生准确传达放假时间，并进行安全教育，提高学生的安全意识，同时对假期不回家同学的情况进行详细调查、备案，及时发现安全隐患，防止出现安全...,学籍管理,https://jwc.cupl.edu.cn/xjgl1/tzgg/17.htm,2026-05-27T09:23:33+00:00,2026-07-29T00:12:01+00:00
cf5198c5b757d613,第二届全国教材建设奖（高等教育类）校内推荐遴选名单公示,2025-07-09,https://jwc.cupl.edu.cn/info/1094/10700.htm,各单位：根据国家教材委员会《关于开展第二届全国教材建设奖评选工作的通知》(国教材〔2025〕2号)有关要求，学校组织开展了“第二届全国教材建设奖（高等教育类）”校内推荐遴选工作。教务处汇总整理各单位申报信息，提交本科教学指导委员会会议审议遴选。现将审议后的校内推荐遴选名单（见附件）予以公示，公示期自2024年7月9至15日。公示期间如有异议，请联系教务处教材科，电话：010-58909098；邮箱：jwcjck@cupl.edu.cn。,教材建设,https://jwc.cupl.edu.cn/jcjs1/tzgg/12.htm,2026-05-27T09:23:34+00:00,2026-07-29T00:12:01+00:00
d7594aeab30a449f,关于公布2025年中国政法大学涉外法治基地（北京朝阳）十大涉外课题的通知,2025-07-04,https://jwc.cupl.edu.cn/info/1094/10698.htm,为深入贯彻习近平法治思想，落实党的二十大关于加强涉外法治建设的战略部署，服务国家高水平对外开放及首都“四个中心”功能建设，进一步加强教育机构、学术机构与实务部门的紧密合作，将中国政法大学涉外法治基地（北京朝阳）建设成高水平的涉外法治理论研究和人才培养高地，我校与朝阳区司法局以合作为基石，经过组织申报、论证等严格遴选程序，共同推出“2025年中国政法大学涉外法治基地（北京朝阳）十大涉外课题”，现予公...,教材建设,https://jwc.cupl.edu.cn/jcjs1/tzgg/12.htm,2026-05-27T09:23:34+00:00,2026-07-29T00:12:01+00:00
e287fa13267ab8dd,关于召开2025年秋季学期国内名校交流派出同学说明会的通知,2025-06-27,https://jwc.cupl.edu.cn/info/1113/10686.htm,2025年秋季学期国内名校交流派出交流同学：定于2025年6月30日（周一）下午15:00-16:00在端307召开2025年秋季学期国内名校派出交流同学说明会，讲解交流的有关事宜以及学分认定的注意事项，并发放交流学校的学生证、报到须知等材料。请各位同学按时到会不误，已经离校的同学可以请人带领材料。望周知。未尽事宜，请与教务处服务中心联系，办公地点：厚德楼305。联系电话：58909556，联系人：王老师。教务处2025年6月27,教学服务,https://jwc.cupl.edu.cn/jxfw1/tzgg/9.htm,2026-05-27T09:23:34+00:00,2026-07-29T00:12:01+00:00
73643c5d4dec7970,关于开展2024-2025学年夏季学期及2025-2026学年秋季学期本科教材选用工作的通知,2025-06-09,https://jwc.cupl.edu.cn/info/1094/10662.htm,各教学科研单位：根据《普通高等学校教材管理办法》《中国政法大学本科教材选用管理办法》《中国政法大学境外教材选用管理办法》等文件规定，加强学校教材管理，严格规范教材选用，学校在教材工作委员会指导下组织开展2024-2025学年夏季学期及2025-2026学年秋季学期本科教材选用工作，现将有关事项通知如下：窗体底端一、工作原则（一）坚持凡选必审原则。选用教材必须经过审核。未经审查批准程序和未按规定审查批准的教材不得...,教材建设,https://jwc.cupl.edu.cn/jcjs1/tzgg/12.htm,2026-05-27T09:23:34+00:00,2026-07-29T00:12:01+00:00
7859ea9ffb81ecb8,关于启动2024-2025学年春季学期期末考试监考报名工作的通知,2025-06-07,https://jwc.cupl.edu.cn/info/1075/10660.htm,​本学期期末考试定于2025年6月16-27日进行，欢迎全校教职员工积极参加期末考试监考工作。本科生课程开设院部、考生所在学院应积极配合教务处完成监考工作；任课教师须参加所授课程的监考工作，由教务处直接安排，无须另行报名。一、报名时间2025年6月9-27日。二、报名条件监考人员原则上应为学校正式在编在职或聘用人员（签订劳动合同），须熟知中国政法大学监考守则，并以高度负责的精神做好考场的监督检查工作，严格维护考场...,考务管理,https://jwc.cupl.edu.cn/kwgl1/tzgg/13.htm,2026-05-27T09:23:33+00:00,2026-05-27T09:23:35+00:00
6ef13e22cc95a48a,关于开展2025-2026学年秋季学期教学助理工作的通知,2025-06-06,https://jwc.cupl.edu.cn/info/1113/10658.htm,各教学单位：为保障2025-2026学年秋季学期学校教学助理工作的顺利开展，根据《中国政法大学教学助理制实施办法》（法大发〔2011〕104号），将相关工作通知如下：一、主要内容2025-2026学年秋季学期学校教学助理工作主要内容包括：1.各学院组织任课老师根据2025-2026学年秋季学期课表设置教学助理岗位。2.在校全日制硕士、博士研究生依据教学助理聘任条件申请教学助理工作。3.任课教师及学院审核、复核教学助理申请。4.教学助理...,教学服务,https://jwc.cupl.edu.cn/jxfw1/tzgg/9.htm,2026-05-27T09:23:34+00:00,2026-07-29T00:12:01+00:00
ac0d83536e84eddb,关于开展2025-2026学年秋季学期国内名校交换培养选派工作的通知,2025-05-19,https://jwc.cupl.edu.cn/info/1113/10625.htm,​各学院：为充分利用国内名校优秀的教学资源，丰富本科生学习经历，提高人才培养质量，学校决定继续选派本科生到国内著名高校进行交换培养学习。根据学校与厦门大学、华东师范大学等8所国内高校交换培养协议和《中国政法大学与国内名校交换培养本科生实施办法（试行）》（中政大发[2005]116号），开展交换培养本科生选派工作，现将有关事项通知如下：交换培养模式在现有的四年制人才培养模式基础上实施。在交换学校学习的专业...,教学服务,https://jwc.cupl.edu.cn/jxfw1/tzgg/9.htm,2026-05-27T09:23:34+00:00,2026-07-29T00:12:01+00:00
cb2d29fc80b26adb,关于2024－2025学年春季学期停止借用教室的通知,2025-05-16,https://jwc.cupl.edu.cn/info/1113/10619.htm,​根据《中国政法大学教室使用管理办法》（校教字[2016]第076号）的规定，本学期自第十四周周一（5月26日）起，停止学生社团、班会活动借用教室。全校社团活动及各学院班会，请5月26日以前进行。5月26日以后需要补课、考试、召开诚信考试会议、学院统一安排的党团组织活动，可以申请使用教室。 教务处 2025年5月16,教学服务,https://jwc.cupl.edu.cn/jxfw1/tzgg/9.htm,2026-05-27T09:23:34+00:00,2026-07-29T00:12:01+00:00
bae77fd1bc22caa8,关于开展2025年春季、夏季学期学历学位授予申请的通知,2025-04-28,https://jwc.cupl.edu.cn/info/1042/10593.htm,各学院、同学：根据《中华人民共和国学位法》、《中国政法大学学位授予办法》等相关要求，现启动学历学位授予申请与审核工作，具体工作安排告知如下：一、申请范围1.2025届本科、第二学士学位毕业生；2.2024届本科、第二学士学位毕业生中，未取得毕业证书且已达到毕业证、学位证授予要求的同学。二、申请流程（一）毕业审核结果确认学生可自行登录教学管理系统查询​毕业审核结果（我的方案--毕业审核结果查询），如显示为“正...,学籍管理,https://jwc.cupl.edu.cn/xjgl1/tzgg/17.htm,2026-05-27T09:23:33+00:00,2026-07-29T00:12:01+00:00
87a7af5d8e207a7a,关于2024级本科生转专业名单公示的通知,2025-04-24,https://jwc.cupl.edu.cn/info/1042/10569.htm,根据《中国政法大学本科生转专业实施办法》的规定，经转出学院推荐和接收学院考核，拟批准100名同学转专业，名单见智慧法大内通知，公示期为7个工作日，自2025年4月24日至5月6日止。如有异议，可向教务处学籍管理科反映，电话：58909126，邮箱:xjk@cupl.edu.cn。教务处2025年4月24日,学籍管理,https://jwc.cupl.edu.cn/xjgl1/tzgg/17.htm,2026-05-27T09:23:33+00:00,2026-07-29T00:12:01+00:00
043dd6a8afa3fcfc,关于在校学生通过教学管理系统进行学籍信息确认的通知,2025-04-10,https://jwc.cupl.edu.cn/info/1042/10541.htm,为了加强管理，完善教学系统信息，确保个人信息真实无误，于 4月10日- 5月30日时间内在校学生可自行登陆教学系统查询本人的学籍信息，如有问题可在“我的学籍”菜单下进行个人相关信息的修改即可，具体操作详见《操作说明》。学生可自行修改的个人信息包括：英文名、家庭电话、家庭地址、家庭地址邮编、电子邮箱、移动电话和入校后联系地址。其它问题请联系教务处学籍管理科(地址：主楼A402，电话：58909126)。备注： 1、英文姓...,学籍管理,https://jwc.cupl.edu.cn/xjgl1/tzgg/17.htm,2026-05-27T09:23:33+00:00,2026-07-29T00:12:01+00:00
e18f4b5b2618a955,关于2025届毕业名单确认工作的通知,2025-04-07,https://jwc.cupl.edu.cn/info/1042/10524.htm,"关于2025届毕业名单确认工作的通知各学院:2025届毕业名单确认工作将在教学系统中进行操作, 为保证后续毕业工作的顺利开展，请相关学院和毕业生先熟悉具体系统操作说明并在规定时间内完成最终确认。具体工作安排如下：一 、工作时间4月8日0点-18日24点:学生需自行登录教学系统进行毕业确认（详见操作手册学生端）,待学生确认完之后学院需对本院学生的毕业确认结果进行复核确认（详见操作手册学院端）。学院可同步查看本院学生的...",学籍管理,https://jwc.cupl.edu.cn/xjgl1/tzgg/17.htm,2026-05-27T09:23:33+00:00,2026-06-13T01:36:01+00:00
49e279b9f571875b,关于报送涉外法治教材建设情况的通知,2025-04-03,https://jwc.cupl.edu.cn/info/1094/10535.htm,各相关单位：为贯彻落实党的二十大和二十届二中、三中全会精神，学习贯彻习近平法治思想、全国教育大会精神和习近平总书记关于加快推进涉外法治人才培养工作的决策部署，推动涉外法治教材建设，根据学校涉外法治人才培养工作要求，学校组织各单位报送已出版及正在建设的涉外法治教材。现就报送有关事项通知如下：一、工作要求1.加强涉外教材建设是一项重要而紧迫的工作任务，各单位要高度重视，积极配合，按时高质量完成资料报...,教材建设,https://jwc.cupl.edu.cn/jcjs1/tzgg/12.htm,2026-05-27T09:23:34+00:00,2026-07-29T00:12:01+00:00
9ebf2f57880b9533,关于我校申报第二批“十四五”职业教育国家规划教材推荐名单的公示,2025-03-18,https://jwc.cupl.edu.cn/info/1094/10483.htm,​根据《教育部办公厅关于组织开展第二批“十四五”职业教育国家规划教材遴选工作的通知》（教职成厅函〔2025〕1号）文件要求，经审议，推荐以下3部教材申报第二批“十四五”职业教育国家规划教材。现将推荐教材名单予以公示：序号申报教材名称ISBN第一主编(作者)姓名申报单位出版单位教育层次专业大类教材类型1公司法(第七版) 978-7-300-33651-0隋彭生中国政法大学中国人民大学出版社高职专科公安与司法大类纸质教材2经济法978...,教材建设,https://jwc.cupl.edu.cn/jcjs1/tzgg/12.htm,2026-05-27T09:23:34+00:00,2026-07-29T00:12:01+00:00
8db9c086e9d5632a,2024-2025学年春季学期本科生教材购买信息,2025-02-23,https://jwc.cupl.edu.cn/info/1094/10443.htm,各教学院、部：新学期伊始，为方便校内师生购买上课所用教材，请有购买意向的同学到军都服务楼法大书店购买。教材购买以自主、自愿为原则。如有疑问请致电010-58909553。,教材建设,https://jwc.cupl.edu.cn/jcjs1/tzgg/12.htm,2026-05-27T09:23:34+00:00,2026-07-29T00:12:01+00:00
35251593a357e7e1,关于开展2024-2025学年春季学期教学助理工作的通知,2024-12-04,https://jwc.cupl.edu.cn/info/1113/10401.htm,各教学单位：为保障2024-2025学年春季学期学校教学助理工作的顺利开展，根据《中国政法大学教学助理制实施办法》（法大发〔2011〕104号），将相关工作通知如下：一、主要内容2024-2025学年春季学期学校教学助理工作主要内容包括：1.各学院组织任课老师根据2024-2025学年春季学期课表设置教学助理岗位。2.在校全日制硕士、博士研究生依据教学助理聘任条件申请教学助理工作。3.任课教师及学院审核、复核教学助理申请。4.教学助理...,教学服务,https://jwc.cupl.edu.cn/jxfw1/tzgg/9.htm,2026-05-27T09:23:34+00:00,2026-06-13T01:36:01+00:00
ac30f9bcd7946469,关于开展2024-2025学年春季学期本科教材选用工作的通知,2024-11-25,https://jwc.cupl.edu.cn/info/1094/10388.htm,各教学科研单位：根据《普通高等学校教材管理办法》《中国政法大学本科教材选用管理办法》《中国政法大学境外教材选用管理办法》等文件规定，加强学校教材管理，严格规范教材选用，学校在教材工作委员会指导下组织开展2024-2025学年春季学期本科教材选用工作，现将有关事项通知如下：一、工作原则（一）坚持凡选必审原则。选用教材必须经过审核。未经审查批准程序和未按规定审查批准的教材不得选用。（二）严格执行“马工程”重...,教材建设,https://jwc.cupl.edu.cn/jcjs1/tzgg/12.htm,2026-05-27T09:23:34+00:00,2026-06-13T01:36:01+00:00
9b9f155a61d49c04,关于2024－2025学年秋季学期停止借用教室的通知,2024-11-22,https://jwc.cupl.edu.cn/info/1113/10383.htm,​ 根据《中国政法大学教室使用管理办法》（校教字[2016]第076号）的相关规定，本学期自第十四周周一（12月2日）起，停止学生社团、班会活动借用教室。各专业各年级班会、讲座及社团活动等请12月2日以前进行。12月2日以后需要补课、考试、召开诚信考试会议、学院统一安排的党团活动，可以继续申请使用教室。 教务处 ...,教学服务,https://jwc.cupl.edu.cn/jxfw1/tzgg/9.htm,2026-05-27T09:23:34+00:00,2026-06-09T00:17:14+00:00
af64c64897ac4cdb,2024-2025学年秋季学期本科生教材购买信息,2024-09-01,https://jwc.cupl.edu.cn/info/1094/10264.htm,各教学院、部：新学期伊始，为方便校内师生购买上课所用教材，请有购买意向的同学自行到军都服务楼法大书店采购。教材购买以自主、自愿为原则。 如有疑问请致电010-58909553,教材建设,https://jwc.cupl.edu.cn/jcjs1/tzgg/12.htm,2026-05-27T09:23:34+00:00,2026-06-13T01:36:01+00:00
98f096d99691a16a,关于组织申报2024年北京高校“优质本科教案课件”建设的通知,2024-06-14,https://jwc.cupl.edu.cn/info/1094/10236.htm,"为贯彻《中共北京市委 北京市人民政府印发〈关于统筹推进北京高等教育改革发展的若干意见〉的通知》(京发〔2018〕12号)、《北京市教育委员会关于印发〈北京高等教育本科人才培养质量提升行动计划(2022—2024年)〉的通知》(京教高〔2021〕8号)等文件要求,落实全国和全市教育大会、新时代本科教育工作会等会议精神，根据《北京市教育委员会关于开展2024年北京高校“优质本科教案课件”建设的通知》（京教函〔2024〕214号），教务...",教材建设,https://jwc.cupl.edu.cn/jcjs1/tzgg/12.htm,2026-05-27T09:23:34+00:00,2026-05-27T09:23:35+00:00
